Date,Geyser,time,duration,,,,,,,,,,
1/1/1979,Old Faithful,8:52,2:15,,,,,,,,,,
1/1/1979,Old Faithful,9:48,~4 3/4 min,,,,,,,,,,
1/1/1979,Old Faithful,11:05,~2:30,,,,,,,,,,
1/1/1979,Old Faithful,12:13,~4:15,,,,,,,,,,
1/1/1979,Old Faithful,13:37,~2 min.,,,,,,,,,,
1/1/1979,Old Faithful,14:24,4:22,,,,,,,,,,
1/1/1979,Old Faithful,15:38,,,,,,,,,,,
1/1/1979,Old Faithful,17:03,4:16,,,,,,,,,,
1/2/1979,Old Faithful,9:30,4:10,,,,,,,,,,
1/2/1979,Old Faithful,10:55,4:08,,,,,,,,,,
1/2/1979,Old Faithful,12:06,4:16,,,,,,,,,,
1/2/1979,Old Faithful,13:30,4:07,,,,,uhj,,,,,./y'G
1/2/1979,Old Faithful,14:50,4:02,,,,,,,,,,
1/2/1979,Old Faithful,15:58,4:20,,,,,,,,,,
1/2/1979,Old Faithful,17:12,4:30,,,,,,,,,,
1/3/1979,Old Faithful,8:44,4:36,,,,,,,,,,
1/3/1979,Old Faithful,10:04,1:57,,,,,,,,,,
1/3/1979,Old Faithful,10:56,,,,,,,,,,,
1/3/1979,Old Faithful,12:19,~3 1/2,,,,,,,,,,
1/3/1979,Old Faithful,13:27,~3:50,,,,,,,,,,
1/3/1979,Old Faithful,14:35,4:30,,,,,,,,,,
1/3/1979,Old Faithful,16:00,3:38,,,,,,,,,,
1/3/1979,Old Faithful,17:19,4:36,,,,,,,,,,
1/4/1979,Old Faithful,8:16,~3:04,,,,,,,,,,
1/4/1979,Old Faithful,9:37,4:11,,,,,,,,,,
1/4/1979,Old Faithful,10:56,2:04,,,,,,,,,,
1/4/1979,Old Faithful,11:46,4:28,,,,,,,,,,
1/4/1979,Old Faithful,13:18,1:52,,,,,,,,,,
1/4/1979,Old Faithful,14:03,4:28,,,,,,,,,,
1/4/1979,Old Faithful,15:24,4 1/4,,,,,,,,,,
1/4/1979,Old Faithful,16:47,~4:15,,,,,,,,,,
1/5/1979,Old Faithful,9:23,4:14,,,,,,,,,,
1/5/1979,Old Faithful,10:39,~2:22,,,,,,,,,,
1/5/1979,Old Faithful,11:58,~ 4 1/4,,,,,,,,,,
1/5/1979,Old Faithful,13:08,~4:15,,,,,,,,,,
1/5/1979,Old Faithful,14:23,4:01,,,,,,,,,,
1/5/1979,Old Faithful,15:43,~4:00,,,,,,,,,,
1/5/1979,Old Faithful,16:55,4:24,,,,,,,,,,
1/6/1979,Old Faithful,8:42,~2:00,,,,,,,,,,
1/6/1979,Old Faithful,9:25,~3:41,,,,,,,,,,
1/6/1979,Old Faithful,10:59,4:08,,,,,,,,,,
1/6/1979,Old Faithful,12:09,4:11,,,,,,,,,,
1/6/1979,Old Faithful,13:16,~4:00,,,,,,,,,,
1/6/1979,Old Faithful,14:25,1:58,,,,,,,,,,
1/6/1979,Old Faithful,15:13,4:47,,,,,,,,,,
1/6/1979,Old Faithful,16:38,4:35,,,,,,,,,,
1/7/1979,Old Faithful,7:25,~3:00,,,,,,,,,,
1/7/1979,Old Faithful,8:38,4:28,,,,,,,,,,
1/7/1979,Old Faithful,9:55,~2:00,,,,,,,,,,
1/7/1979,Old Faithful,10:55,4:04,,,,,,,,,,
1/7/1979,Old Faithful,12:16,4:13,,,,,,,,,,
1/7/1979,Old Faithful,13:36,4:12,,,,,,,,,,
1/7/1979,Old Faithful,14:47,2:26,,,,,,,,,,
1/7/1979,Old Faithful,15:42,4:20,,,,,,,,,,
1/7/1979,Old Faithful,17:02,~4:00,,,,,,,,,,
1/8/1979,Old Faithful,7:54,~2:00,,,,,,,,,,
1/8/1979,Old Faithful,8:39,4:35,,,,,,,,,,
1/8/1979,Old Faithful,10:01,2:20,,,,,,,,,,
1/8/1979,Old Faithful,10:54,3:53,,,,,,,,,,
1/8/1979,Old Faithful,12:20,~3:30,,,,,,,,,,
1/8/1979,Old Faithful,13:38,1:58,,,,,,,,,,
1/8/1979,Old Faithful,14:24,4:23,,,,,,,,,,
1/8/1979,Old Faithful,15:52,3:51,,,,,,,,,,
1/8/1979,Old Faithful,16:55,4:26,,,,,,,,,,
1/9/1979,Old Faithful,8:35,~4:00,,,,,,,,,,
1/9/1979,Old Faithful,9:58,~4:00,,,,,,,,,,
1/9/1979,Old Faithful,11:02,~3 3/4,,,,,,,,,,
1/9/1979,Old Faithful,12:12,3:52,,,,,,,,,,
1/9/1979,Old Faithful,13:28,~3 1/4,,,,,,,,,,
1/9/1979,Old Faithful,14:43,1:59,,,,,,,,,,
1/9/1979,Old Faithful,15:33,4:29,,,,,,,,,,
1/9/1979,Old Faithful,16:58,4:09,,,,,,,,,,
1/10/1979,Old Faithful,8:30,~4:00,,,,,,,,,,
1/10/1979,Old Faithful,9:55,~4:08,,,,,,,,,,
1/10/1979,Old Faithful,11:03,3:43,,,,,,,,,,
1/10/1979,Old Faithful,12:17,3 3/4,,,,,,,,,,
1/10/1979,Old Faithful,11:23,4:15,,,,,,,,,,
1/10/1979,Old Faithful,14:37,4:17,,,,,,,,,,
1/10/1979,Old Faithful,15:52,3:10,,,,,,,,,,
1/10/1979,Old Faithful,17:05,~3:42,,,,,,,,,,
1/11/1979,Old Faithful,~08:45,2:02,,,,,,,,,,
1/11/1979,Old Faithful,9:45,4:18,,,,,,,,,,
1/11/1979,Old Faithful,11:10,1:50,,,,,,,,,,
1/11/1979,Old Faithful,12:00,~4:00,,,,,,,,,,
1/11/1979,Old Faithful,13:19,3:02,,,,,,,,,,
1/11/1979,Old Faithful,14:36,4:24,,,,,,,,,,
1/11/1979,Old Faithful,15:48,3:10,,,,,,,,,,
1/11/1979,Old Faithful,17:05,4:16,,,,,,,,,,
1/12/1979,Old Faithful,7:41,~3:00,,,,,,,,,,
1/12/1979,Old Faithful,~08:50,,,,,,,,,,,
1/12/1979,Old Faithful,10:16,4:26,,,,,,,,,,
1/12/1979,Old Faithful,11:33,4:00,,,,,,,,,,
1/12/1979,Old Faithful,12:43,4:05,,,,,,,,,,
1/12/1979,Old Faithful,13:56,4:03,,,,,,,,,,
1/12/1979,Old Faithful,15:25,2:21,,,,,,,,,,
1/12/1979,Old Faithful,16:27,4:20,,,,,,,,,,
1/12/1979,Old Faithful,20:13,2:23,,,,,,,,,,
1/13/1979,Old Faithful,8:24,4:10,,,,,,,,,,
1/13/1979,Old Faithful,9:35,4:10,,,,,,,,,,
1/13/1979,Old Faithful,10:47,~3:51,,,,,,,,,,
1/13/1979,Old Faithful,12:07,2:14,,,,,,,,,,
1/13/1979,Old Faithful,13:08,4:20,,,,,,,,,,
1/13/1979,Old Faithful,14:25,~3:05,,,,,,,,,,
1/13/1979,Old Faithful,15:45,2:08,,,,,,,,,,
1/13/1979,Old Faithful,16:35,4:38,,,,,,,,,,
1/14/1979,Old Faithful,8:35,4:12,,,,,,,,,,
1/14/1979,Old Faithful,9:50,~4 1/4,,,,,,,,,,
1/14/1979,Old Faithful,10:59,~3 3/4,,,,,,,,,,
1/14/1979,Old Faithful,12:10,4:06,,,,,,,,,,
1/14/1979,Old Faithful,13:20,4:46,,,,,,,,,,
1/14/1979,Old Faithful,14:44,4:08,,,,,,,,,,
1/14/1979,Old Faithful,15:49,4:07,,,,,,,,,,
1/14/1979,Old Faithful,17:10,4:01,,,,,,,,,,
1/15/1979,Old Faithful,8:19,~3:55,,,,,,,,,,
1/15/1979,Old Faithful,9:35,3:59,,,,,,,,,,
1/15/1979,Old Faithful,10:45,4:05,,,,,,,,,,
1/15/1979,Old Faithful,11:58,4:00,,,,,,,,,,
1/15/1979,Old Faithful,13:32,4:18,,,,,,,,,,
1/15/1979,Old Faithful,14:52,4:08,,,,,,,,,,
1/15/1979,Old Faithful,16:00,3:53,,,,,,,,,,
1/15/1979,Old Faithful,17:20,4:11:00,,,,,,,,,,
1/16/1979,Old Faithful,8:16,~4,,,,,,,,,,
1/16/1979,Old Faithful,9:35,2:16,,,,,,,,,,
1/16/1979,Old Faithful,10:45,3:59,,,,,,,,,,
1/16/1979,Old Faithful,12:04,3:21,,,,,,,,,,
1/16/1979,Old Faithful,13:19,4:07,,,,,,,,,,
1/16/1979,Old Faithful,14:30,4:25,,,,,,,,,,
1/16/1979,Old Faithful,15:47,3:07,,,,,,,,,,
1/16/1979,Old Faithful,0.71,1:49,,,,,,,,,,
1/17/1979,Old Faithful,8:37,~4:10,,,,,,,,,,
1/17/1979,Old Faithful,10:04,~2.:30,,,,,,,,,,
1/17/1979,Old Faithful,11:16,4:02,,,,,,,,,,
1/17/1979,Old Faithful,12:47,4:01,,,,,,,,,,
1/17/1979,Old Faithful,14:00,3:35,,,,,,,,,,
1/17/1979,Old Faithful,15:22,4:20,,,,,,,,,,
1/17/1979,Old Faithful,16:38,4:00,,,,,,,,,,
1/18/1979,Old Faithful,9:28,3:52,,,,,,,,,,
1/18/1979,Old Faithful,10:39,2:10,,,,,,,,,,
1/18/1979,Old Faithful,11:37,4:02,,,,,,,,,,
1/18/1979,Old Faithful,13:02,1:56,,,,,,,,,,
1/18/1979,Old Faithful,13:54,4:18,,,,,,,,,,
1/18/1979,Old Faithful,15:10,3:30,,,,,,,,,,
1/18/1979,Old Faithful,16:22,5:00,,,,,,,,,,
1/19/1979,Old Faithful,9:03,4:15,,,,,,,,,,
1/19/1979,Old Faithful,10:24,4:00,,,,,,,,,,
1/19/1979,Old Faithful,11:33,3:19,,,,,,,,,,
1/19/1979,Old Faithful,12:41,4:06,,,,,,,,,,
1/19/1979,Old Faithful,13:58,4:00,,,,,,,,,,
1/19/1979,Old Faithful,15:14,~3:45,,,,,,,,,,
1/19/1979,Old Faithful,16:27,3:59,,,,,,,,,,
1/20/1979,Old Faithful,9:59,4:04,,,,,,,,,,
1/20/1979,Old Faithful,11:15,4:14,,,,,,,,,,
1/20/1979,Old Faithful,12:29,2:24,,,,,,,,,,
1/20/1979,Old Faithful,13:25,4:24,,,,,,,,,,
1/20/1979,Old Faithful,14:40,3:43,,,,,,,,,,
1/20/1979,Old Faithful,16:07,4:16,,,,,,,,,,
1/21/1979,Old Faithful,8:53,3:55,,,,,,,,,,
1/21/1979,Old Faithful,10:10,4:15,,,,,,,,,,
1/21/1979,Old Faithful,11:27,3:45,,,,,,,,,,
1/21/1979,Old Faithful,12:46,3:56,,,,,,,,,,
1/21/1979,Old Faithful,14:03,4:24,,,,,,,,,,
1/21/1979,Old Faithful,15:29,4:30,,,,,,,,,,
1/21/1979,Old Faithful,16:49,4:20,,,,,,,,,,
1/22/1979,Old Faithful,8:20,~4:00,,,,,,,,,,
1/22/1979,Old Faithful,9:32,1:45,,,,,,,,,,
1/22/1979,Old Faithful,10:30,4:12,,,,,,,,,,
1/22/1979,Old Faithful,11:48,2:10,,,,,,,,,,
1/22/1979,Old Faithful,12:46,4:24,,,,,,,,,,
1/22/1979,Old Faithful,14:02,~3:15,,,,,,,,,,
1/22/1979,Old Faithful,14:57,4:04,,,,,,,,,,
1/22/1979,Old Faithful,16:32,2:28,,,,,,,,,,
1/22/1979,Old Faithful,17:16,4:15,,,,,,,,,,
1/22/1979,Old Faithful,18:29,3:55,,,,,,,,,,
1/23/1979,Old Faithful,8:17,4:22,,,,,,,,,,
1/23/1979,Old Faithful,9:28,,,,,,,,,,,
1/23/1979,Old Faithful,10:50,1:57,,,,,,,,,,
1/23/1979,Old Faithful,11:44,4:40,,,,,,,,,,
1/23/1979,Old Faithful,12:59,4:06,,,,,,,,,,
1/23/1979,Old Faithful,14:10,4:06,,,,,,,,,,
1/23/1979,Old Faithful,15:28,2:23,,,,,,,,,,
1/24/1979,Old Faithful,8:34,4:22,,,,,,,,,,
1/24/1979,Old Faithful,9:45,4:06,,,,,,,,,,
1/24/1979,Old Faithful,10:59,3:53,,,,,,,,,,
1/24/1979,Old Faithful,12:07,~3:40,,,,,,,,,,
1/24/1979,Old Faithful,13:18,3:59,,,,,,,,,,
1/24/1979,Old Faithful,14:33,4:16,,,,,,,,,,
1/24/1979,Old Faithful,15:43,~4:30,,,,,,,,,,
1/24/1979,Old Faithful,16:55,4:04,,,,,,,,,,
1/24/1979,Old Faithful,18:09,4:16,,,,,,,,,,
1/25/1979,Old Faithful,8:33,4:31,,,,,,,,,,
1/25/1979,Old Faithful,9:51,4:16,,,,,,,,,,
1/25/1979,Old Faithful,11:07,~4:30,,,,,,,,,,
1/25/1979,Old Faithful,12:26,4:18,,,,,,,,,,
1/25/1979,Old Faithful,13:37,3:45,,,,,,,,,,
1/25/1979,Old Faithful,15:02,4:42,,,,,,,,,,
1/25/1979,Old Faithful,16:24,2:17,,,,,,,,,,
1/25/1979,Old Faithful,17:17,~4:30,,,,,,,,,,
1/25/1979,Old Faithful,18:34,4:16,,,,,,,,,,
1/25/1979,Old Faithful,19:49,4:45,,,,,,,,,,
1/26/1979,Old Faithful,8:41,4:31,,,,,,,,,,
1/26/1979,Old Faithful,9:58,4:04,,,,,,,,,,
1/26/1979,Old Faithful,11:19,3:53,,,,,,,,,,
1/26/1979,Old Faithful,12:33,4:03,,,,,,,,,,
1/26/1979,Old Faithful,13:44,~4:00,,,,,,,,,,
1/26/1979,Old Faithful,15:00,3:48,,,,,,,,,,
1/26/1979,Old Faithful,16:14,~4:00,,,,,,,,,,
1/26/1979,Old Faithful,17:35,2:22,,,,,,,,,,
1/27/1979,Old Faithful,8:23,short!,,,,,,,,,,
1/27/1979,Old Faithful,9:18,4:40,,,,,,,,,,
1/27/1979,Old Faithful,10:40,2:02,,,,,,,,,,
1/27/1979,Old Faithful,11:28,4:19,,,,,,,,,,
1/27/1979,Old Faithful,12:47,2:37,,,,,,,,,,
1/27/1979,Old Faithful,13:52,~4:10,,,,,,,,,,
1/27/1979,Old Faithful,15:11,,,,,,,,,,,
1/27/1979,Old Faithful,16:00,4:26,,,,,,,,,,
1/27/1979,Old Faithful,17:25,2:01,,,,,,,,,,
1/27/1979,Old Faithful,18:18,4:50,,,,,,,,,,
1/27/1979,Old Faithful,19:38,1:58,,,,,,,,,,
1/27/1979,Old Faithful,20:29,5:29,,,,,,,,,,
1/28/1979,Old Faithful,8:45,4:15,,,,,,,,,,
1/28/1979,Old Faithful,10:02,4:08,,,,,,,,,,
1/28/1979,Old Faithful,11:18,4:14,,,,,,,,,,
1/28/1979,Old Faithful,12:30,4:04,,,,,,,,,,
1/28/1979,Old Faithful,1X:55,~2:22,,,,,,,,,,
1/28/1979,Old Faithful,14:49,~4:39,,,,,,,,,,
1/28/1979,Old Faithful,16:22,1:59,,,,,,,,,,
1/28/1979,Old Faithful,17:07,4:35,,,,,,,,,,
1/28/1979,Old Faithful,18:42,1:44,,,,,,,,,,
1/29/1979,Old Faithful,8:50,~4,,,,,,,,,,
1/29/1979,Old Faithful,10:03,~3:50,,,,,,,,,,
1/29/1979,Old Faithful,11:14,~4:10,,,,,,,,,,
1/29/1979,Old Faithful,12:30,4:21,,,,,,,,,,
1/29/1979,Old Faithful,14:02,4:21,,,,,,,,,,
1/29/1979,Old Faithful,15:13,~3:49,,,,,,,,,,
1/29/1979,Old Faithful,16:39,~3:15,,,,,,,,,,
1/29/1979,Old Faithful,17:59,4:09,,,,,,,,,,
1/30/1979,Old Faithful,8:49,4:40,,,,,,,,,,
1/30/1979,Old Faithful,10:08,,,,,,,,,,,
1/30/1979,Old Faithful,11:02,4:42,,,,,,,,,,
1/30/1979,Old Faithful,12:21,2:48,,,,,,,,,,
1/30/1979,Old Faithful,13:29,4:38,,,,,,,,,,
1/30/1979,Old Faithful,14:51,2:21,,,,,,,,,,
1/30/1979,Old Faithful,15:52,4:35,,,,,,,,,,
1/30/1979,Old Faithful,17:09,4:08,,,,,,,,,,
1/30/1979,Old Faithful,18:20,4:50,,,,,,,,,,
1/30/1979,Old Faithful,19:46,4:48,,,,,,,,,,
1/30/1979,Old Faithful,21:01,2:12,,,,,,,,,,
1/31/1979,Old Faithful,9:13,4:05,,,,,,,,,,
1/31/1979,Old Faithful,10:22,4:16,,,,,,,,,,
1/31/1979,Old Faithful,11:41,4:03,,,,,,,,,,
1/31/1979,Old Faithful,12:50,4:08,,,,,,,,,,
1/31/1979,Old Faithful,14:02,3:57,,,,,,,,,,
1/31/1979,Old Faithful,15:20,~3:15,,,,,,,,,,
1/31/1979,Old Faithful,16:30,4:15,,,,,,,,,,
1/31/1979,Old Faithful,17:53,4:52,,,,,,,,,,
1/31/1979,Old Faithful,19:23,4:34,,,,,,,,,,
1/31/1979,Old Faithful,20:41,4:52,,,,,,,,,,
2/1/1979,Old Faithful,8:29,~3:40,,,,,,,,,,
2/1/1979,Old Faithful,9:57,3:58,,,,,,,,,,
2/1/1979,Old Faithful,11:14,4:04,,,,,,,,,,
2/1/1979,Old Faithful,12:31,4:07,,,,,,,,,,
2/1/1979,Old Faithful,13:45,4:20,,,,,,,,,,
2/1/1979,Old Faithful,15:05,4:21,,,,,,,,,,
2/1/1979,Old Faithful,16:19,3:59,,,,,,,,,,
2/1/1979,Old Faithful,17:47,~4:08,,,,,,,,,,
2/1/1979,Old Faithful,19:05,4:35,,,,,,,,,,
2/1/1979,Old Faithful,20:25,4:44,,,,,,,,,,
2/2/1979,Old Faithful,8:41,4:11,,,,,,,,,,
2/2/1979,Old Faithful,10:05,4:31,,,,,,,,,,
2/2/1979,Old Faithful,11:19,4:21,,,,,,,,,,
2/2/1979,Old Faithful,12:47,4:33,,,,,,,,,,
2/2/1979,Old Faithful,14:09,2:00,,,,,,,,,,
2/2/1979,Old Faithful,15:06,4:53,,,,,,,,,,
2/2/1979,Old Faithful,16:34,1:53,,,,,,,,,,
2/2/1979,Old Faithful,17:18,5:13,,,,,,,,,,
2/2/1979,Old Faithful,18:49,2:02,,,,,,,,,,
2/3/1979,Old Faithful,7:32,,,,,,,,,,,
2/3/1979,Old Faithful,8:45,~3:50,,,,,,,,,,
2/3/1979,Old Faithful,9:54,~3:57,,,,,,,,,,
2/3/1979,Old Faithful,11:10,3:55,,,,,,,,,,
2/3/1979,Old Faithful,12:19,~Long,,,,,,,,,,
2/3/1979,Old Faithful,13:36,3:52,,,,,,,,,,
2/3/1979,Old Faithful,14:44,4:12,,,,,,,,,,
2/3/1979,Old Faithful,15:57,3:54,,,,,,,,,,
2/3/1979,Old Faithful,17:18,~2 1/2,,,,,,,,,,
2/4/1979,Old Faithful,9:26,~2:18,,,,,,,,,,
2/4/1979,Old Faithful,10:31,4:49,,,,,,,,,,
2/4/1979,Old Faithful,11:52,~3:56,,,,,,,,,,
2/4/1979,Old Faithful,13:11,,,,,,,,,,,
2/4/1979,Old Faithful,14:00,4:44,,,,,,,,,,
2/4/1979,Old Faithful,15:18,4:05,,,,,,,,,,
2/4/1979,Old Faithful,16:34,4:15,,,,,,,,,,
2/4/1979,Old Faithful,17:44,4:23,,,,,,,,,,
2/4/1979,Old Faithful,19:10,2:05,,,,,,,,,,
2/4/1979,Old Faithful,20:05,4:51,,,,,,,,,,
2/5/1979,Old Faithful,8:29,~Long,,,,,,,,,,
2/5/1979,Old Faithful,9:58,4:26,,,,,,,,,,
2/5/1979,Old Faithful,11:10,~3:35,,,,,,,,,,
2/5/1979,Old Faithful,12:25,4:06,,,,,,,,,,
2/5/1979,Old Faithful,13:41,4:17,,,,,,,,,,
2/5/1979,Old Faithful,15:03,1:57,,,,,,,,,,
2/5/1979,Old Faithful,15:53,4:29,,,,,,,,,,
2/5/1979,Old Faithful,17:22,2:18,,,,,,,,,,
2/5/1979,Old Faithful,18:11,4:44,,,,,,,,,,
2/5/1979,Old Faithful,19:29,4:04,,,,,,,,,,
2/5/1979,Old Faithful,20:45,4:12,,,,,,,,,,
2/5/1979,Old Faithful,22:07,1:57,,,,,,,,,,
2/5/1979,Old Faithful,22:54,Long,,,,,,,,,,
2/6/1979,Old Faithful,8:31,4:09,,,,,,,,,,
2/6/1979,Old Faithful,9:52,3:55,,,,,,,,,,
2/6/1979,Old Faithful,11:07,2:26,,,,,,,,,,
2/6/1979,Old Faithful,11:57,4:00,,,,,,,,,,
2/6/1979,Old Faithful,13:26,3:44,,,,,,,,,,
2/6/1979,Old Faithful,14:44,1:53,,,,,,,,,,
2/6/1979,Old Faithful,15:39,4:31,,,,,,,,,,
2/6/1979,Old Faithful,16:56,2:05,,,,,,,,,,
2/6/1979,Old Faithful,17:54,4:32,,,,,,,,,,
2/6/1979,Old Faithful,19:19,4:19,,,,,,,,,,
2/6/1979,Old Faithful,20:26,Long,,,,,,,,,,
2/6/1979,Old Faithful,21:45,,,,,,,,,,,
2/7/1979,Old Faithful,8:00,4:46,,,,,,,,,,
2/7/1979,Old Faithful,9:33,1:50,,,,,,,,,,
2/7/1979,Old Faithful,10:28,4:10,,,,,,,,,,
2/7/1979,Old Faithful,11:57,1:53,,,,,,,,,,
2/7/1979,Old Faithful,12:49,4:45,,,,,,,,,,
2/7/1979,Old Faithful,14:11,3:48,,,,,,,,,,
2/7/1979,Old Faithful,15:32,4:13,,,,,,,,,,
2/7/1979,Old Faithful,16:45,3:45,,,,,,,,,,
2/7/1979,Old Faithful,18:07,4:21,,,,,,,,,,
2/7/1979,Old Faithful,19:25,4:35,,,,,,,,,,
2/7/1979,Old Faithful,20:45,1:57,,,,,,,,,,
2/7/1979,Old Faithful,21:38,4:44,,,,,,,,,,
2/8/1979,Old Faithful,7:59,3:41,,,,,,,,,,
2/8/1979,Old Faithful,9:25,,,,,,,,,,,
2/8/1979,Old Faithful,10:18,4:10,,,,,,,,,,
2/8/1979,Old Faithful,11:46,4:04,,,,,,,,,,
2/8/1979,Old Faithful,13:00,1:42,,,,,,,,,,
2/8/1979,Old Faithful,13:54,4:41,,,,,,,,,,
2/8/1979,Old Faithful,15:18,4:02,,,,,,,,,,
2/8/1979,Old Faithful,16:29,3:28,,,,,,,,,,
2/8/1979,Old Faithful,17:40,3:59,,,,,,,,,,
2/8/1979,Old Faithful,18:55,4:13,,,,,,,,,,
2/8/1979,Old Faithful,20:17,2:03,,,,,,,,,,
2/9/1979,Old Faithful,7:33,3:42,,,,,,,,,,
2/9/1979,Old Faithful,8:44,2:08,,,,,,,,,,
2/9/1979,Old Faithful,9:34,4:26,,,,,,,,,,
2/9/1979,Old Faithful,10:56,~2:45,,,,,,,,,,
2/9/1979,Old Faithful,12:00,4:23,,,,,,,,,,
2/9/1979,Old Faithful,13:22,4:15,,,,,,,,,,
2/9/1979,Old Faithful,14:37,4:13,,,,,,,,,,
2/9/1979,Old Faithful,15:50,3:30,,,,,,,,,,
2/9/1979,Old Faithful,16:59,4:14,,,,,,,,,,
2/9/1979,Old Faithful,18:19,~4:07,,,,,,,,,,
2/10/1979,Old Faithful,7:22,4:13,,,,,,,,,,
2/10/1979,Old Faithful,8:33,~4:00,,,,,,,,,,
2/10/1979,Old Faithful,9:53,4:22,,,,,,,,,,
2/10/1979,Old Faithful,11:11,1:55,,,,,,,,,,
2/10/1979,Old Faithful,11:58,~3:30,,,,,,,,,,
2/10/1979,Old Faithful,13:22,~2:00,,,,,,,,,,
2/10/1979,Old Faithful,14:13,4:30,,,,,,,,,,
2/10/1979,Old Faithful,15:42,1:53,,,,,,,,,,
2/10/1979,Old Faithful,16:30,5:06,,,,,,,,,,
2/10/1979,Old Faithful,18:00,1:58,,,,,,,,,,
2/11/1979,Old Faithful,7:41,~2:00,,,,,,,,,,
2/11/1979,Old Faithful,8:33,~4:10,,,,,,,,,,
2/11/1979,Old Faithful,9:48,3:53,,,,,,,,,,
2/11/1979,Old Faithful,11:00,~3:55,,,,,,,,,,
2/11/1979,Old Faithful,12:11,2:07,,,,,,,,,,
2/11/1979,Old Faithful,13:10,~3:55,,,,,,,,,,
2/11/1979,Old Faithful,14:25,,,,,,,,,,,
2/11/1979,Old Faithful,15:35,4:41,,,,,,,,,,
2/11/1979,Old Faithful,16:56,4:18,,,,,,,,,,
2/11/1979,Old Faithful,18:14,4:21,,,,,,,,,,
2/11/1979,Old Faithful,19:29,2:18,,,,,,,,,,
2/11/1979,Old Faithful,20:30,4:44,,,,,,,,,,
2/11/1979,Old Faithful,21:55,2:25,,,,,,,,,,
2/12/1979,Old Faithful,8:45,3:45,,,,,,,,,,
2/12/1979,Old Faithful,10:06,4:20,,,,,,,,,,
2/12/1979,Old Faithful,11:26,~1:50,,,,,,,,,,
2/12/1979,Old Faithful,12:14,4:30,,,,,,,,,,
2/12/1979,Old Faithful,13:39,1:56,,,,,,,,,,
2/12/1979,Old Faithful,14:29,4:25,,,,,,,,,,
2/12/1979,Old Faithful,15:46,~3:38,,,,,,,,,,
2/12/1979,Old Faithful,17:07,3:41,,,,,,,,,,
2/13/1979,Old Faithful,9:07,3:37,,,,,,,,,,
2/13/1979,Old Faithful,10:25,4:17,,,,,,,,,,
2/13/1979,Old Faithful,11:45,4:25,,,,,,,,,,
2/13/1979,Old Faithful,13:00,3:50,,,,,,,,,,
2/13/1979,Old Faithful,14:19,4:28,,,,,,,,,,
2/13/1979,Old Faithful,15:30,3:47,,,,,,,,,,
2/13/1979,Old Faithful,16:52,4:19,,,,,,,,,,
2/14/1979,Old Faithful,8:38,4:07,,,,,,,,,,
2/14/1979,Old Faithful,9:50,4:03,,,,,,,,,,
2/14/1979,Old Faithful,11:05,4:09,,,,,,,,,,
2/14/1979,Old Faithful,12:14,4:17,,,,,,,,,,
2/14/1979,Old Faithful,13:38,3:54,,,,,,,,,,
2/14/1979,Old Faithful,14:45,4:21,,,,,,,,,,
2/14/1979,Old Faithful,15:55,4:02,,,,,,,,,,
2/14/1979,Old Faithful,17:15,4:24,,,,,,,,,,
2/14/1979,Old Faithful,18:27,Long,,,,,,,,,,
2/14/1979,Old Faithful,19:45,Short,,,,,,,,,,
2/15/1979,Old Faithful,8:06,,,,,,,,,,,
2/15/1979,Old Faithful,9:04,4:28,,,,,,,,,,
2/15/1979,Old Faithful,10:26,2:02,,,,,,,,,,
2/15/1979,Old Faithful,11:20,4:25,,,,,,,,,,
2/15/1979,Old Faithful,12:47,~1:50shrt,,,,,,,,,,
2/15/1979,Old Faithful,13:36,4:23,,,,,,,,,,
2/15/1979,Old Faithful,15:02,2:21,,,,,,,,,,
2/15/1979,Old Faithful,16:03,4:50,,,,,,,,,,
2/15/1979,Old Faithful,17:22,4:03,,,,,,,,,,
2/15/1979,Old Faithful,18:38,4:38,,,,,,,,,,
2/15/1979,Old Faithful,19:59,4:18,,,,,,,,,,
2/16/1979,Old Faithful,8:53,4:25,,,,,,,,,,
2/16/1979,Old Faithful,10:08,3:43,,,,,,,,,,
2/16/1979,Old Faithful,11:28,4:10,,,,,,,,,,
2/16/1979,Old Faithful,12:44,~2 1/2shrt,,,,,,,,,,
2/16/1979,Old Faithful,13:47,4:04,,,,,,,,,,
2/16/1979,Old Faithful,15:04,4:10,,,,,,,,,,
2/16/1979,Old Faithful,16:31,4:25,,,,,,,,,,
2/16/1979,Old Faithful,17:38,4:32,,,,,,,,,,
2/16/1979,Old Faithful,18:58,2:22,,,,,,,,,,
2/16/1979,Old Faithful,19:57,5:01,,,,,,,,,,
2/16/1979,Old Faithful,21:22,1:54,,,,,,,,,,
2/17/1979,Old Faithful,7:34,4:31,,,,,,,,,,
2/17/1979,Old Faithful,8:47,3:40,,,,,,,,,,
2/17/1979,Old Faithful,9:58,4:12,,,,,,,,,,
2/17/1979,Old Faithful,11:21,2:23,,,,,,,,,,
2/17/1979,Old Faithful,12:26,4:28,,,,,,,,,,
2/17/1979,Old Faithful,13:52,4:04,,,,,,,,,,
2/17/1979,Old Faithful,15:08,1:42,,,,,,,,,,
2/17/1979,Old Faithful,16:00,4:20,,,,,,,,,,
2/17/1979,Old Faithful,17:23,2:08,,,,,,,,,,
2/17/1979,Old Faithful,18:09,4:40,,,,,,,,,,
2/17/1979,Old Faithful,19:40,2:09,,,,,,,,,,
2/17/1979,Old Faithful,20:37,4:14,,,,,,,,,,
2/17/1979,Old Faithful,22:06,3:50,,,,,,,,,,
2/18/1979,Old Faithful,7:37,4:11,,,,,,,,,,
2/18/1979,Old Faithful,8:46,4:12,,,,,,,,,,
2/18/1979,Old Faithful,10:12,4:05,,,,,,,,,,
2/18/1979,Old Faithful,11:22,~1:50,,,,,,,,,,
2/18/1979,Old Faithful,12:16,4:15,,,,,,,,,,
2/18/1979,Old Faithful,13:43,4:00,,,,,,,,,,
2/18/1979,Old Faithful,14:59,4:24,,,,,,,,,,
2/18/1979,Old Faithful,16:09,3:47,,,,,,,,,,
2/18/1979,Old Faithful,17:35,4:07,,,,,,,,,,
2/18/1979,Old Faithful,18:49,4:43,,,,,,,,,,
2/18/1979,Old Faithful,20:05,4:19,,,,,,,,,,
2/18/1979,Old Faithful,21:18,2:25,,,,,,,,,,
2/18/1979,Old Faithful,22:19,4:58,,,,,,,,,,
2/19/1979,Old Faithful,7:59,Long,,,,,,,,,,
2/19/1979,Old Faithful,9:08,~4 1/2,,,,,,,,,,
2/19/1979,Old Faithful,10:27,3:55,,,,,,,,,,
2/19/1979,Old Faithful,11:41,4:09,,,,,,,,,,
2/19/1979,Old Faithful,13:01,1:57,,,,,,,,,,
2/19/1979,Old Faithful,13:54,4:34,,,,,,,,,,
2/19/1979,Old Faithful,15:13,3:45,,,,,,,,,,
2/19/1979,Old Faithful,16:28,4:12,,,,,,,,,,
2/19/1979,Old Faithful,17:46,2:14,,,,,,,,,,
2/19/1979,Old Faithful,18:43,4:47,,,,,,,,,,
2/19/1979,Old Faithful,20:03,4:08,,,,,,,,,,
2/19/1979,Old Faithful,21:18,4:58,,,,,,,,,,
2/19/1979,Old Faithful,22:36,4:25,,,,,,,,,,
2/20/1979,Old Faithful,8:26,4:46,,,,,,,,,,
2/20/1979,Old Faithful,9:40,2:02,,,,,,,,,,
2/20/1979,Old Faithful,10:42,4:28,,,,,,,,,,
2/20/1979,Old Faithful,12:00,4:02,,,,,,,,,,
2/20/1979,Old Faithful,13:15,1:57,,,,,,,,,,
2/20/1979,Old Faithful,14:06,4:33,,,,,,,,,,
2/20/1979,Old Faithful,15:23,~3 3/4,,,,,,,,,,
2/20/1979,Old Faithful,16:46,~3 3/4,,,,,,,,,,
2/20/1979,Old Faithful,18:10,4:33,,,,,,,,,,
2/20/1979,Old Faithful,19:23,2:24,,,,,,,,,,
2/21/1979,Old Faithful,6:09,4:55,,,,,,,,,,
2/21/1979,Old Faithful,7:29,4:11,,,,,,,,,,
2/21/1979,Old Faithful,8:43,4:34,,,,,,,,,,
2/21/1979,Old Faithful,9:58,4:02,,,,,,,,,,
2/21/1979,Old Faithful,11:23,4:34,,,,,,,,,,
2/21/1979,Old Faithful,12:33,4:15,,,,,,,,,,
2/21/1979,Old Faithful,13:43,1:55,,,,,,,,,,
2/21/1979,Old Faithful,14:40,4:35,,,,,,,,,,
2/21/1979,Old Faithful,16:08,1:58,,,,,,,,,,
2/21/1979,Old Faithful,17:00,~4:10,,,,,,,,,,
2/21/1979,Old Faithful,18:26,~4:00,,,,,,,,,,
2/22/1979,Old Faithful,8:05,~2,,,,,,,,,,
2/22/1979,Old Faithful,9:00,4:38,,,,,,,,,,
2/22/1979,Old Faithful,10:25,4:21,,,,,,,,,,
2/22/1979,Old Faithful,11:38,4:30,,,,,,,,,,
2/22/1979,Old Faithful,12:52,3:57,,,,,,,,,,
2/22/1979,Old Faithful,14:01,4:04,,,,,,,,,,
2/22/1979,Old Faithful,15:15,4:20,,,,,,,,,,
2/22/1979,Old Faithful,16:27,4:12,,,,,,,,,,
2/22/1979,Old Faithful,17:49,1:49,,,,,,,,,,
2/22/1979,Old Faithful,18:33,Long,,,,,,,,,,
2/22/1979,Old Faithful,19:54,3:33,,,,,,,,,,
2/23/1979,Old Faithful,7:13,4:25,,,,,,,,,,
2/23/1979,Old Faithful,8:30,4:34,,,,,,,,,,
2/23/1979,Old Faithful,9:45,4:30,,,,,,,,,,
2/23/1979,Old Faithful,10:59,4:06,,,,,,,,,,
2/23/1979,Old Faithful,12:19,1:41,,,,,,,,,,
2/23/1979,Old Faithful,13:11,4:34,,,,,,,,,,
2/23/1979,Old Faithful,14:41,3:54,,,,,,,,,,
2/23/1979,Old Faithful,15:55,3:01,,,,,,,,,,
2/23/1979,Old Faithful,17:00,~4 3/4,,,,,,,,,,
2/23/1979,Old Faithful,18:21,4:08,,,,,,,,,,
2/23/1979,Old Faithful,20:49,long,,,,,,,,,,
2/24/1979,Old Faithful,7:23,2:06,,,,,,,,,,
2/24/1979,Old Faithful,8:11,4:44,,,,,,,,,,
2/24/1979,Old Faithful,9:44,1:56,,,,,,,,,,
2/24/1979,Old Faithful,10:39,~3:00,,,,,,,,,,
2/24/1979,Old Faithful,11:57,2:02,,,,,,,,,,
2/24/1979,Old Faithful,12:47,4:23,,,,,,,,,,
2/24/1979,Old Faithful,14:12,2:39,,,,,,,,,,
2/24/1979,Old Faithful,15:08,4:27,,,,,,,,,,
2/24/1979,Old Faithful,16:32,2:12,,,,,,,,,,
2/24/1979,Old Faithful,17:20,~4:00,,,,,,,,,,
2/25/1979,Old Faithful,8:26,short,,,,,,,,,,
2/25/1979,Old Faithful,9:20,4:39,,,,,,,,,,
2/25/1979,Old Faithful,10:40,2:08,,,,,,,,,,
2/25/1979,Old Faithful,11:30,4:53,,,,,,,,,,
2/25/1979,Old Faithful,13:01,3:25,,,,,,,,,,
2/25/1979,Old Faithful,14:08,4:13,,,,,,,,,,
2/25/1979,Old Faithful,15:18,4:20,,,,,,,,,,
2/25/1979,Old Faithful,16:47,1:55,,,,,,,,,,
2/25/1979,Old Faithful,20:30,4:56,,,,,,,,,,
2/26/1979,Old Faithful,7:25,~4:18,,,,,,,,,,
2/26/1979,Old Faithful,8:39,~3:55,,,,,,,,,,
2/26/1979,Old Faithful,9:49,4:05,,,,,,,,,,
2/26/1979,Old Faithful,11:04,4:00,,,,,,,,,,
2/26/1979,Old Faithful,12:20,2:16,,,,,,,,,,
2/26/1979,Old Faithful,13:11,~4:10,,,,,,,,,,
2/26/1979,Old Faithful,14:37,4:31,,,,,,,,,,
2/26/1979,Old Faithful,16:03,~2:10,,,,,,,,,,
2/26/1979,Old Faithful,17:01,4:35,,,,,,,,,,
2/27/1979,Old Faithful,7:12,~3:58,,,,,,,,,,
2/27/1979,Old Faithful,8:26,4:10,,,,,,,,,,
2/27/1979,Old Faithful,9:39,3:47,,,,,,,,,,
2/27/1979,Old Faithful,11:05,4:19,,,,,,,,,,
2/27/1979,Old Faithful,12:23,2:11,,,,,,,,,,
2/27/1979,Old Faithful,13:15,4:20,,,,,,,,,,
2/27/1979,Old Faithful,14:38,3:49,,,,,,,,,,
2/27/1979,Old Faithful,15:41,4:06,,,,,,,,,,
2/27/1979,Old Faithful,17:02,4:04,,,,,,,,,,
2/28/1979,Old Faithful,7:43,4:29,,,,,,,,,,
2/28/1979,Old Faithful,9:01,4:12,,,,,,,,,,
2/28/1979,Old Faithful,10:20,1:53,,,,,,,,,,
2/28/1979,Old Faithful,11:14,4:33,,,,,,,,,,
2/28/1979,Old Faithful,12:36,1:47,,,,,,,,,,
2/28/1979,Old Faithful,13:25,4:21,,,,,,,,,,
2/28/1979,Old Faithful,14:41,2:40,,,,,,,,,,
2/28/1979,Old Faithful,15:54,4:35,,,,,,,,,,
2/28/1979,Old Faithful,17:08,4:08,,,,,,,,,,
3/1/1979,Old Faithful,7:47,4:13,,,,,,,,,,
3/1/1979,Old Faithful,9:00,4:10,,,,,,,,,,
3/1/1979,Old Faithful,10:20,~2:00,,,,,,,,,,
3/1/1979,Old Faithful,11:30,4:00,,,,,,,,,,
3/1/1979,Old Faithful,12:48,4:32,,,,,,,,,,
3/1/1979,Old Faithful,14:08,4:22,,,,,,,,,,
3/1/1979,Old Faithful,15:24,2:25,,,,,,,,,,
3/1/1979,Old Faithful,16:16,4:58,,,,,,,,,,
3/1/1979,Old Faithful,17:44,4:19,,,,,,,,,,
3/2/1979,Old Faithful,9:19,4:31,,,,,,,,,,
3/2/1979,Old Faithful,10:46,4:23,,,,,,,,,,
3/2/1979,Old Faithful,12:05,~3,,,,,,,,,,
3/2/1979,Old Faithful,13:06,4:33,,,,,,,,,,
3/2/1979,Old Faithful,14:32,~3:45,,,,,,,,,,
3/2/1979,Old Faithful,15:58,4:40,,,,,,,,,,
3/2/1979,Old Faithful,17:15,4:33,,,,,,,,,,
3/2/1979,Old Faithful,18:30,4:20,,,,,,,,,,
3/2/1979,Old Faithful,20:37,5:12,,,,,,,,,,
3/3/1979,Old Faithful,8:36,~2 3/4,,,,,,,,,,
3/3/1979,Old Faithful,9:33,4:29,,,,,,,,,,
3/3/1979,Old Faithful,10:53,2:38,,,,,,,,,,
3/3/1979,Old Faithful,11:59,4:18,,,,,,,,,,
3/3/1979,Old Faithful,13:19,2:55,,,,,,,,,,
3/3/1979,Old Faithful,14:14,4:26,,,,,,,,,,
3/3/1979,Old Faithful,15:30,2:43,,,,,,,,,,
3/3/1979,Old Faithful,16:31,4:37,,,,,,,,,,
3/3/1979,Old Faithful,17:48,2:01,,,,,,,,,,
3/4/1979,Old Faithful,7:43,4:14,,,,,,,,,,
3/4/1979,Old Faithful,8:55,~4:00,,,,,,,,,,
3/4/1979,Old Faithful,10:14,3:43,,,,,,,,,,
3/4/1979,Old Faithful,11:31,4:28,,,,,,,,,,
3/4/1979,Old Faithful,12:53,~3,,,,,,,,,,
3/4/1979,Old Faithful,13:52,~4,,,,,,,,,,
3/4/1979,Old Faithful,15:05,,,,,,,,,,,
3/4/1979,Old Faithful,16:25,4:20,,,,,,,,,,
3/4/1979,Old Faithful,17:41,3:48,,,,,,,,,,
3/4/1979,Old Faithful,18:50,2:02,,,,,,,,,,
3/4/1979,Old Faithful,19:37,4:59,,,,,,,,,,
3/4/1979,Old Faithful,21:17,2:03,,,,,,,,,,
3/4/1979,Old Faithful,22:06,5:06,,,,,,,,,,
3/5/1979,Old Faithful,9:14,2:00,,,,,,,,,,
3/5/1979,Old Faithful,10:00,~3:45,,,,,,,,,,
3/5/1979,Old Faithful,11:25,,,,,,,,,,,
3/5/1979,Old Faithful,12:45,1:58,,,,,,,,,,
3/5/1979,Old Faithful,13:44,4:30,,,,,,,,,,
3/5/1979,Old Faithful,15:05,1:55,,,,,,,,,,
3/5/1979,Old Faithful,15:47,4:40,,,,,,,,,,
3/5/1979,Old Faithful,17:21,1:47,,,,,,,,,,
3/5/1979,Old Faithful,18:03,4:36,,,,,,,,,,
3/5/1979,Old Faithful,19:26,2:49,,,,,,,,,,
3/5/1979,Old Faithful,20:31,short,,,,,,,,,,
3/6/1979,Old Faithful,8:32,4:10,,,,,,,,,,
3/6/1979,Old Faithful,9:46,3:46,,,,,,,,,,
3/6/1979,Old Faithful,10:58,4:10,,,,,,,,,,
3/6/1979,Old Faithful,12:15,3:59,,,,,,,,,,
3/6/1979,Old Faithful,13:32,3:44,,,,,,,,,,
3/6/1979,Old Faithful,14:40,3:41,,,,,,,,,,
3/6/1979,Old Faithful,15:57,4:00,,,,,,,,,,
3/6/1979,Old Faithful,17:10,3:40,,,,,,,,,,
3/6/1979,Old Faithful,18:22,Long,,,,,,,,,,
3/6/1979,Old Faithful,19:42,4:35,,,,,,,,,,
3/6/1979,Old Faithful,21:13,4:32,,,,,,,,,,
3/7/1979,Old Faithful,8:17,Long,,,,,,,,,,
3/7/1979,Old Faithful,9:45,1:55,,,,,,,,,,
3/7/1979,Old Faithful,10:35,4:30,,,,,,,,,,
3/7/1979,Old Faithful,11:57,3:59,,,,,,,,,,
3/7/1979,Old Faithful,13:17,4:26,,,,,,,,,,
3/7/1979,Old Faithful,14:25,4:11,,,,,,,,,,
3/7/1979,Old Faithful,15:45,4:19,,,,,,,,,,
3/7/1979,Old Faithful,17:12,4:12,,,,,,,,,,
3/7/1979,Old Faithful,18:25,1:55,,,,,,,,,,
3/7/1979,Old Faithful,19:25,4:59,,,,,,,,,,
3/7/1979,Old Faithful,20:50,2:24,,,,,,,,,,
3/8/1979,Old Faithful,6:21,,,,,,,,,,,
3/8/1979,Old Faithful,7:57,4:19,,,,,,,,,,
3/8/1979,Old Faithful,9:13,4:10,,,,,,,,,,
3/8/1979,Old Faithful,10:29,~3:30,,,,,,,,,,
3/8/1979,Old Faithful,11:48,4:28,,,,,,,,,,
3/8/1979,Old Faithful,12:59,3:22,,,,,,,,,,
3/8/1979,Old Faithful,14:18,4:18,,,,,,,,,,
3/8/1979,Old Faithful,15:30,~3:47,,,,,,,,,,
3/8/1979,Old Faithful,16:49,4:28,,,,,,,,,,
3/8/1979,Old Faithful,18:05,4:19,,,,,,,,,,
3/8/1979,Old Faithful,19:15,1:52,,,,,,,,,,
3/8/1979,Old Faithful,20:13,5:04,,,,,,,,,,
3/8/1979,Old Faithful,21:28,4:20,,,,,,,,,,
3/9/1979,Old Faithful,6:14,4:21,,,,,,,,,,
3/9/1979,Old Faithful,7:30,4:10,,,,,,,,,,
3/9/1979,Old Faithful,8:47,4:14,,,,,,,,,,
3/9/1979,Old Faithful,10:08,4:20,,,,,,,,,,
3/9/1979,Old Faithful,11:21,~4:05,,,,,,,,,,
3/9/1979,Old Faithful,12:30,~3:10,,,,,,,,,,
3/9/1979,Old Faithful,13:43,4:14,,,,,,,,,,
3/9/1979,Old Faithful,15:07,4:10,,,,,,,,,,
3/9/1979,Old Faithful,16:34,4:11,,,,,,,,,,
3/9/1979,Old Faithful,17:54,3:04,,,,,,,,,,
3/9/1979,Old Faithful,18:55,4:49,,,,,,,,,,
3/9/1979,Old Faithful,20:09,1:56,,,,,,,,,,
3/9/1979,Old Faithful,21:02,4:50,,,,,,,,,,
3/9/1979,Old Faithful,22:21,4:10,,,,,,,,,,
3/10/1979,Old Faithful,8:17,3:44,,,,,,,,,,
3/10/1979,Old Faithful,9:30,3:42,,,,,,,,,,
3/10/1979,Old Faithful,10:47,3:57,,,,,,,,,,
3/10/1979,Old Faithful,11:57,4:21,,,,,,,,,,
3/10/1979,Old Faithful,13:17,4:20,,,,,,,,,,
3/10/1979,Old Faithful,14:40,3:30,,,,,,,,,,
3/10/1979,Old Faithful,15:51,4:06,,,,,,,,,,
3/10/1979,Old Faithful,17:07,3:57,,,,,,,,,,
3/10/1979,Old Faithful,18:20,3:59,,,,,,,,,,
3/11/1979,Old Faithful,7:39,Long,,,,,,,,,,
3/11/1979,Old Faithful,9:08,,,,,,,,,,,
3/11/1979,Old Faithful,9:57,~3:35,,,,,,,,,,
3/11/1979,Old Faithful,11:19,1:40,,,,,,,,,,
3/11/1979,Old Faithful,12:07,~4:26,,,,,,,,,,
3/11/1979,Old Faithful,13:22,3:30,,,,,,,,,,
3/11/1979,Old Faithful,14:26,4:21,,,,,,,,,,
3/11/1979,Old Faithful,15:42,3:43,,,,,,,,,,
3/11/1979,Old Faithful,17:03,1:53,,,,,,,,,,
3/11/1979,Old Faithful,17:54,4:39,,,,,,,,,,
3/11/1979,Old Faithful,19:22,1:48,,,,,,,,,,
3/11/1979,Old Faithful,20:11,4:52,,,,,,,,,,
3/11/1979,Old Faithful,21:32,4:18,,,,,,,,,,
3/12/1979,Old Faithful,6:59,4:36,,,,,,,,,,
3/12/1979,Old Faithful,8:13,Long,,,,,,,,,,
3/12/1979,Old Faithful,9:37,4:24,,,,,,,,,,
3/12/1979,Old Faithful,10:52,~3:55,,,,,,,,,,
3/12/1979,Old Faithful,12:11,4:45,,,,,,,,,,
3/12/1979,Old Faithful,13:36,~4:00,,,,,,,,,,
3/12/1979,Old Faithful,14:47,4:16,,,,,,,,,,
3/12/1979,Old Faithful,16:10,~3:40,,,,,,,,,,
3/12/1979,Old Faithful,17:21,4:12,,,,,,,,,,
3/12/1979,Old Faithful,18:41,4:04,,,,,,,,,,
3/12/1979,Old Faithful,19:56,2:33,,,,,,,,,,
3/13/1979,Old Faithful,7:02,3:38,,,,,,,,,,
3/13/1979,Old Faithful,8:06,4:38,,,,,,,,,,
3/13/1979,Old Faithful,9:31,~2:30,,,,,,,,,,
3/13/1979,Old Faithful,10:31,4:30,,,,,,,,,,
3/13/1979,Old Faithful,11:45,2:26,,,,,,,,,,
3/13/1979,Old Faithful,12:42,~4:00,,,,,,,,,,
3/13/1979,Old Faithful,14:02,3:59,,,,,,,,,,
3/13/1979,Old Faithful,15:12,4:07,,,,,,,,,,
3/13/1979,Old Faithful,16:42,4:19,,,,,,,,,,
3/13/1979,Old Faithful,17:59,4:09,,,,,,,,,,
3/13/1979,Old Faithful,19:09,4:29,,,,,,,,,,
3/13/1979,Old Faithful,20:26,4:04,,,,,,,,,,
3/13/1979,Old Faithful,21:38,4:28,,,,,,,,,,
3/13/1979,Old Faithful,23:05,~3:00,,,,,,,,,,
3/14/1979,Old Faithful,8:29,~3:58,,,,,,,,,,
3/14/1979,Old Faithful,9:39,4:02,,,,,,,,,,
3/14/1979,Old Faithful,10:55,~3 3/4,,,,,,,,,,
3/14/1979,Old Faithful,12:13,3:42,,,,,,,,,,
3/14/1979,Old Faithful,13:24,4:11,,,,,,,,,,
3/14/1979,Old Faithful,14:38,1:51,,,,,,,,,,
3/14/1979,Old Faithful,15:29,~4:10,,,,,,,,,,
3/14/1979,Old Faithful,16:52,1:41,,,,,,,,,,
3/14/1979,Old Faithful,17:49,4:32,,,,,,,,,,
3/15/1979,Old Faithful,9:06,~3:45,,,,,,,,,,
3/15/1979,Old Faithful,10:30,,,,,,,,,,,
3/15/1979,Old Faithful,11:18,4:23,,,,,,,,,,
3/15/1979,Old Faithful,12:35,3:45,,,,,,,,,,
3/15/1979,Old Faithful,13:59,4:15,,,,,,,,,,
3/15/1979,Old Faithful,15:22,4:27,,,,,,,,,,
3/15/1979,Old Faithful,16:40,4:21,,,,,,,,,,
3/15/1979,Old Faithful,17:50,4:07,,,,,,,,,,
3/15/1979,Old Faithful,18:59,4:05,,,,,,,,,,
3/15/1979,Old Faithful,20:08,~4,,,,,,,,,,
3/15/1979,Old Faithful,21:20,4:23,,,,,,,,,,
3/16/1979,Old Faithful,8:18,4:11,,,,,,,,,,
3/16/1979,Old Faithful,9:35,~2:30,,,,,,,,,,
3/16/1979,Old Faithful,10:45,~4:20,,,,,,,,,,
3/16/1979,Old Faithful,12:12,4:07,,,,,,,,,,
3/16/1979,Old Faithful,13:16,4:16,,,,,,,,,,
3/16/1979,Old Faithful,14:32,4:02,,,,,,,,,,
3/16/1979,Old Faithful,15:52,4:25,,,,,,,,,,
3/16/1979,Old Faithful,17:02,4:09,,,,,,,,,,
3/16/1979,Old Faithful,18:14,4:18,,,,,,,,,,
3/16/1979,Old Faithful,19:35,3:59,,,,,,,,,,
3/17/1979,Old Faithful,6:34,4:44,,,,,,,,,,
3/17/1979,Old Faithful,7:59,2:01,,,,,,,,,,
3/17/1979,Old Faithful,8:47,~LONG,,,,,,,,,,
3/17/1979,Old Faithful,10:15,~SHORT,,,,,,,,,,
3/17/1979,Old Faithful,11:10,4:40,,,,,,,,,,
3/17/1979,Old Faithful,12:30,3:50,,,,,,,,,,
3/17/1979,Old Faithful,13:48,4:09,,,,,,,,,,
3/17/1979,Old Faithful,15:00,4:27,,,,,,,,,,
3/17/1979,Old Faithful,16:18,2:19,,,,,,,,,,
3/17/1979,Old Faithful,17:16,4:28,,,,,,,,,,
3/17/1979,Old Faithful,18:49,1:53,,,,,,,,,,
3/18/1979,Old Faithful,6:30,Long,,,,,,,,,,
3/18/1979,Old Faithful,7:43,4:16,,,,,,,,,,
3/18/1979,Old Faithful,8:58,~3:40,,,,,,,,,,
3/18/1979,Old Faithful,10:09,~2:00,,,,,,,,,,
3/18/1979,Old Faithful,11:04,~4:20,,,,,,,,,,
3/18/1979,Old Faithful,12:28,2:10,,,,,,,,,,
3/18/1979,Old Faithful,13:17,4:31,,,,,,,,,,
3/18/1979,Old Faithful,14:39,~4:00,,,,,,,,,,
3/18/1979,Old Faithful,15:38,~4:30,,,,,,,,,,
3/18/1979,Old Faithful,16:50,3:10,,,,,,,,,,
3/18/1979,Old Faithful,17:57,4:32,,,,,,,,,,
3/18/1979,Old Faithful,19:16,4:11,,,,,,,,,,
3/18/1979,Old Faithful,20:30,2:01,,,,,,,,,,
3/18/1979,Old Faithful,21:24,4:54,,,,,,,,,,
3/18/1979,Old Faithful,22:42,4:03,,,,,,,,,,
3/19/1979,Old Faithful,7:21,Long,,,,,,,,,,
3/19/1979,Old Faithful,8:38,2:21,,,,,,,,,,
3/19/1979,Old Faithful,9:36,4:48,,,,,,,,,,
3/19/1979,Old Faithful,10:50,3:51,,,,,,,,,,
3/19/1979,Old Faithful,12:05,4:22,,,,,,,,,,
3/19/1979,Old Faithful,13:18,3:47,,,,,,,,,,
3/19/1979,Old Faithful,14:27,,,,,,,,,,,
3/19/1979,Old Faithful,15:43,short,,,,,,,,,,
3/19/1979,Old Faithful,16:34,4:53,,,,,,,,,,
3/19/1979,Old Faithful,18:01,1:53,,,,,,,,,,
3/20/1979,Old Faithful,15:49,Long,,,,,,,,,,
3/20/1979,Old Faithful,17:00,3:47,,,,,,,,,,
3/20/1979,Old Faithful,18:11,3:52,,,,,,,,,,
3/20/1979,Old Faithful,19:20,4:13,,,,,,,,,,
3/20/1979,Old Faithful,20:33,4:14,,,,,,,,,,
3/20/1979,Old Faithful,21:47,4:04,,,,,,,,,,
3/20/1979,Old Faithful,23:04,4:36,,,,,,,,,,
3/21/1979,Old Faithful,8:45,4:34,,,,,,,,,,
3/21/1979,Old Faithful,10:01,2:24,,,,,,,,,,
3/21/1979,Old Faithful,10:59,4:21,,,,,,,,,,
3/21/1979,Old Faithful,12:23,4:02,,,,,,,,,,
3/21/1979,Old Faithful,13:38,4:19,,,,,,,,,,
3/21/1979,Old Faithful,14:54,4:23,,,,,,,,,,
3/22/1979,Old Faithful,9:16,4:16,,,,,,,,,,
3/22/1979,Old Faithful,10:36,2:16,,,,,,,,,,
3/22/1979,Old Faithful,11:27,4:49,,,,,,,,,,
3/22/1979,Old Faithful,12:44,3:53,,,,,,,,,,
3/22/1979,Old Faithful,14:03,4:25,,,,,,,,,,
3/23/1979,Old Faithful,10:06,4:26,,,,,,,,,,
3/23/1979,Old Faithful,11:36,2:12,,,,,,,,,,
3/23/1979,Old Faithful,12:24,4:40,,,,,,,,,,
3/23/1979,Old Faithful,13:50,1:57,,,,,,,,,,
3/23/1979,Old Faithful,14:37,4:32,,,,,,,,,,
3/23/1979,Old Faithful,15:57,2:03,,,,,,,,,,
3/23/1979,Old Faithful,16:46,4:36,,,,,,,,,,
3/23/1979,Old Faithful,18:07,1:53,,,,,,,,,,
3/23/1979,Old Faithful,18:56,4:23,,,,,,,,,,
3/23/1979,Old Faithful,20:20,1:59,,,,,,,,,,
3/23/1979,Old Faithful,21:06,5:03,,,,,,,,,,
3/23/1979,Old Faithful,22:31,2:32,,,,,,,,,,
3/24/1979,Old Faithful,10:16,Long,,,,,,,,,,
3/24/1979,Old Faithful,11:30,~2:00,,,,,,,,,,
3/24/1979,Old Faithful,13:51,4:11,,,,,,,,,,
3/24/1979,Old Faithful,15:11,4:07,,,,,,,,,,
3/24/1979,Old Faithful,16:26,4:24,,,,,,,,,,
3/24/1979,Old Faithful,17:49,1:56,,,,,,,,,,
3/26/1979,Old Faithful,9:22,Long,,,,,,,,,,
3/26/1979,Old Faithful,10:34,~4 1/4,,,,,,,,,,
3/26/1979,Old Faithful,11:55,4:23,,,,,,,,,,
3/26/1979,Old Faithful,13:18,4:17,,,,,,,,,,
3/26/1979,Old Faithful,14:29,1:56,,,,,,,,,,
3/26/1979,Old Faithful,15:27,4:36,,,,,,,,,,
3/26/1979,Old Faithful,16:46,~4 1/2,,,,,,,,,,
3/26/1979,Old Faithful,18:13,4:02,,,,,,,,,,
3/26/1979,Old Faithful,19:24,Long,,,,,,,,,,
3/26/1979,Old Faithful,20:35,2:43,,,,,,,,,,
3/26/1979,Old Faithful,21:43,5:00,,,,,,,,,,
3/27/1979,Old Faithful,9:39,4:21,,,,,,,,,,
3/27/1979,Old Faithful,10:58,1:55,,,,,,,,,,
3/28/1979,Old Faithful,13:08,4:24,,,,,,,,,,
3/28/1979,Old Faithful,14:20,4:07,,,,,,,,,,
3/28/1979,Old Faithful,15:37,2:34,,,,,,,,,,
3/28/1979,Old Faithful,16:36,4:34,,,,,,,,,,
3/28/1979,Old Faithful,17:58,2:10,,,,,,,,,,
3/29/1979,Old Faithful,12:28,4:21,,,,,,,,,,
3/29/1979,Old Faithful,13:48,4:14,,,,,,,,,,
3/29/1979,Old Faithful,15:00,2:27,,,,,,,,,,
3/29/1979,Old Faithful,15:54,4:38,,,,,,,,,,
3/29/1979,Old Faithful,17:29,1:54,,,,,,,,,,
3/29/1979,Old Faithful,18:24,4:36,,,,,,,,,,
3/29/1979,Old Faithful,19:45,4:00,,,,,,,,,,
3/29/1979,Old Faithful,20:59,3:37,,,,,,,,,,
3/30/1979,Old Faithful,12:44,4:13,,,,,,,,,,
3/30/1979,Old Faithful,14:13,4:22,,,,,,,,,,
3/30/1979,Old Faithful,15:29,3:38,,,,,,,,,,
3/31/1979,Old Faithful,14:56,Long,,,,,,,,,,
3/31/1979,Old Faithful,16:12,2:13,,,,,,,,,,
3/31/1979,Old Faithful,17:12,4:41,,,,,,,,,,
3/31/1979,Old Faithful,18:30,4:29,,,,,,,,,,
3/31/1979,Old Faithful,19:44,Long,,,,,,,,,,
4/1/1979,Old Faithful,6:52,2:03,,,,,,,,,,
4/1/1979,Old Faithful,7:41,4:57,,,,,,,,,,
4/1/1979,Old Faithful,9:03,4:04,,,,,,,,,,
4/1/1979,Old Faithful,10:14,Long,,,,,,,,,,
4/1/1979,Old Faithful,11:32,2:56,,,,,,,,,,
4/1/1979,Old Faithful,12:28,4:49,,,,,,,,,,
4/1/1979,Old Faithful,13:52,3:59,,,,,,,,,,
4/1/1979,Old Faithful,15:01,4:22,,,,,,,,,,
4/1/1979,Old Faithful,16:27,2:03,,,,,,,,,,
4/1/1979,Old Faithful,17:19,4:34,,,,,,,,,,
4/1/1979,Old Faithful,18:52,1:55,,,,,,,,,,
4/2/1979,Old Faithful,10:53,4:28,,,,,,,,,,
4/2/1979,Old Faithful,12:12,4:15,,,,,,,,,,
4/2/1979,Old Faithful,13:33,4:25,,,,,,,,,,
4/2/1979,Old Faithful,14:56,4:22,,,,,,,,,,
4/2/1979,Old Faithful,16:13,4:27,,,,,,,,,,
4/2/1979,Old Faithful,17:30,4:24,,,,,,,,,,
4/2/1979,Old Faithful,18:50,3:56,,,,,,,,,,
4/2/1979,Old Faithful,20:13,~4 1/4,,,,,,,,,,
4/2/1979,Old Faithful,21:36,4:49,,,,,,,,,,
4/2/1979,Old Faithful,22:48,4:46,,,,,,,,,,
4/3/1979,Old Faithful,0:04,4:04,,,,,,,,,,
4/3/1979,Old Faithful,8:59,Long,,,,,,,,,,
4/3/1979,Old Faithful,10:17,4:09,,,,,,,,,,
4/3/1979,Old Faithful,11:33,4:13,,,,,,,,,,
4/3/1979,Old Faithful,12:43,2:04,,,,,,,,,,
4/3/1979,Old Faithful,13:41,4:58,,,,,,,,,,
4/3/1979,Old Faithful,15:13,4:16,,,,,,,,,,
4/3/1979,Old Faithful,16:32,2:09,,,,,,,,,,
4/3/1979,Old Faithful,17:20,4:56,,,,,,,,,,
4/3/1979,Old Faithful,19:01,~3 3/4,,,,,,,,,,
4/3/1979,Old Faithful,20:09,Long,,,,,,,,,,
4/3/1979,Old Faithful,21:19,4:27,,,,,,,,,,
4/4/1979,Old Faithful,16:25,,,,,,,,,,,
4/4/1979,Old Faithful,17:54,,,,,,,,,,,
4/4/1979,Old Faithful,19:01,,,,,,,,,,,
4/4/1979,Old Faithful,20:23,,,,,,,,,,,
4/4/1979,Old Faithful,21:39,,,,,,,,,,,
4/4/1979,Old Faithful,22:58,,,,,,,,,,,
4/5/1979,Old Faithful,0:05,,,,,,,,,,,
4/5/1979,Old Faithful,1:26,,,,,,,,,,,
4/5/1979,Old Faithful,2:36,,,,,,,,,,,
4/5/1979,Old Faithful,3:39,,,,,,,,,,,
4/5/1979,Old Faithful,5:05,,,,,,,,,,,
4/5/1979,Old Faithful,6:05,,,,,,,,,,,
4/5/1979,Old Faithful,7:33,,,,,,,,,,,
4/5/1979,Old Faithful,8:46,short,,,,,,,,,,
4/5/1979,Old Faithful,9:36,,,,,,,,,,,
4/5/1979,Old Faithful,11:06,2:00,,,,,,,,,,
4/5/1979,Old Faithful,12:03,4:33,,,,,,,,,,
4/5/1979,Old Faithful,13:27,2:20,,,,,,,,,,
4/5/1979,Old Faithful,16:45,4:17,,,,,,,,,,
4/5/1979,Old Faithful,18:08,4:03,,,,,,,,,,
4/6/1979,Old Faithful,~10:48,4:32,,,,,,,,,,
4/6/1979,Old Faithful,12:06,2:11,,,,,,,,,,
4/6/1979,Old Faithful,13:04,4:41,,,,,,,,,,
4/6/1979,Old Faithful,14:26,2:55,,,,,,,,,,
4/6/1979,Old Faithful,15:31,4:49,,,,,,,,,,
4/6/1979,Old Faithful,16:46,3:38,,,,,,,,,,
4/6/1979,Old Faithful,~17:56,~4:15,,,,,,,,,,
4/7/1979,Old Faithful,8:56,Long,,,,,,,,,,
4/7/1979,Old Faithful,10:12,4:24,,,,,,,,,,
4/7/1979,Old Faithful,11:37,Long,,,,,,,,,,
4/7/1979,Old Faithful,12:50,Long,,,,,,,,,,
4/7/1979,Old Faithful,14:05,4:06,,,,,,,,,,
4/7/1979,Old Faithful,15:27,4:21,,,,,,,,,,
4/7/1979,Old Faithful,16:46,1:55,,,,,,,,,,
4/7/1979,Old Faithful,17:36,4:46,,,,,,,,,,
4/7/1979,Old Faithful,18:56,2:42,,,,,,,,,,
4/7/1979,Old Faithful,20:05,4:37,,,,,,,,,,
4/7/1979,Old Faithful,21:32,2:11,,,,,,,,,,
4/8/1979,Old Faithful,7:39,,,,,,,,,,,
4/8/1979,Old Faithful,12:30,long,,,,,,,,,,
4/8/1979,Old Faithful,15:08,,,,,,,,,,,
4/8/1979,Old Faithful,16:19,,,,,,,,,,,
4/9/1979,Old Faithful,10:21,4:06,,,,,,,,,,
4/9/1979,Old Faithful,11:43,4:42,,,,,,,,,,
4/9/1979,Old Faithful,13:13,4:22,,,,,,,,,,
4/11/1979,Old Faithful,8:59,4:30,,,,,,,,,,
4/11/1979,Old Faithful,10:21,2:04,,,,,,,,,,
4/11/1979,Old Faithful,11:08,4:42,,,,,,,,,,
4/11/1979,Old Faithful,12:28,4:13,,,,,,,,,,
4/11/1979,Old Faithful,13:39,~4 1/4,,,,,,,,,,
4/11/1979,Old Faithful,15:00,4:07,,,,,,,,,,
4/11/1979,Old Faithful,16:19,4:41,,,,,,,,,,
4/11/1979,Old Faithful,17:36,4:15,,,,,,,,,,
4/11/1979,Old Faithful,18:51,2:02,,,,,,,,,,
4/11/1979,Old Faithful,19:49,Long,,,,,,,,,,
4/11/1979,Old Faithful,21:08,4:09,,,,,,,,,,
4/11/1979,Old Faithful,22:30,4:43,,,,,,,,,,
4/12/1979,Old Faithful,8:06,Long,,,,,,,,,,
4/12/1979,Old Faithful,9:26,4:24,,,,,,,,,,
4/12/1979,Old Faithful,10:44,4:27,,,,,,,,,,
4/12/1979,Old Faithful,11:55,,,,,,,,,,,
4/13/1979,Old Faithful,9:22,2:09,,,,,,,,,,
4/13/1979,Old Faithful,10:15,4:45,,,,,,,,,,
4/13/1979,Old Faithful,11:33,2:41,,,,,,,,,,
4/13/1979,Old Faithful,12:27,5:02,,,,,,,,,,
4/13/1979,Old Faithful,13:52,2:01,,,,,,,,,,
4/13/1979,Old Faithful,15:02,4:40,,,,,,,,,,
4/13/1979,Old Faithful,17:34,4:19,,,,,,,,,,
4/14/1979,Old Faithful,8:42,2:20,,,,,,,,,,
4/14/1979,Old Faithful,9:37,~4 3/4,,,,,,,,,,
4/14/1979,Old Faithful,11:04,1:51,,,,,,,,,,
4/14/1979,Old Faithful,11:58,4:37,,,,,,,,,,
4/14/1979,Old Faithful,13:24,3:58,,,,,,,,,,
4/14/1979,Old Faithful,14:32,4:32,,,,,,,,,,
4/14/1979,Old Faithful,15:50,4:20,,,,,,,,,,
4/14/1979,Old Faithful,17:02,1:46,,,,,,,,,,
4/14/1979,Old Faithful,18:05,4:33,,,,,,,,,,
4/14/1979,Old Faithful,19:18,2:06,,,,,,,,,,
4/14/1979,Old Faithful,20:24,4:43,,,,,,,,,,
4/14/1979,Old Faithful,21:45,4:33,,,,,,,,,,
4/14/1979,Old Faithful,23:00,4:25,,,,,,,,,,
4/15/1979,Old Faithful,7:49,3:58,,,,,,,,,,
4/15/1979,Old Faithful,9:02,1:52,,,,,,,,,,
4/15/1979,Old Faithful,9:57,4:30,,,,,,,,,,
4/15/1979,Old Faithful,11:19,3:29,,,,,,,,,,
4/15/1979,Old Faithful,12:35,4:35,,,,,,,,,,
4/15/1979,Old Faithful,13:49,3:44,,,,,,,,,,
4/15/1979,Old Faithful,15:06,4:20,,,,,,,,,,
4/15/1979,Old Faithful,16:25,4:18,,,,,,,,,,
4/15/1979,Old Faithful,17:43,2:14,,,,,,,,,,
4/15/1979,Old Faithful,18:39,4:24,,,,,,,,,,
4/15/1979,Old Faithful,19:55,4:09,,,,,,,,,,
4/16/1979,Old Faithful,8:15,4:26,,,,,,,,,,
4/16/1979,Old Faithful,9:36,4:54,,,,,,,,,,
4/16/1979,Old Faithful,10:53,4:05,,,,,,,,,,
4/16/1979,Old Faithful,12:15,4:14,,,,,,,,,,
4/16/1979,Old Faithful,13:27,2:12,,,,,,,,,,
4/16/1979,Old Faithful,14:20,4:33,,,,,,,,,,
4/16/1979,Old Faithful,15:55,4:23,,,,,,,,,,
4/16/1979,Old Faithful,17:08,4:08,,,,,,,,,,
4/16/1979,Old Faithful,18:29,4:13,,,,,,,,,,
4/16/1979,Old Faithful,19:43,,,,,,,,,,,
4/17/1979,Old Faithful,8:38,long,,,,,,,,,,
4/17/1979,Old Faithful,9:51,4:16,,,,,,,,,,
4/17/1979,Old Faithful,11:07,2:20,,,,,,,,,,
4/17/1979,Old Faithful,12:01,4:49,,,,,,,,,,
4/17/1979,Old Faithful,13:26,2:04,,,,,,,,,,
4/17/1979,Old Faithful,14:25,4:55,,,,,,,,,,
4/17/1979,Old Faithful,15:45,2:30,,,,,,,,,,
4/17/1979,Old Faithful,16:44,4:43,,,,,,,,,,
4/17/1979,Old Faithful,18:08,2:40,,,,,,,,,,
4/18/1979,Old Faithful,8:48,4:37,,,,,,,,,,
4/18/1979,Old Faithful,9:58,3:50,,,,,,,,,,
4/18/1979,Old Faithful,11:10,4:56,,,,,,,,,,
4/18/1979,Old Faithful,13:44,4:32,,,,,,,,,,
4/18/1979,Old Faithful,15:06,,,,,,,,,,,
4/18/1979,Old Faithful,15:51,4:58,,,,,,,,,,
4/18/1979,Old Faithful,17:16,2:01,,,,,,,,,,
4/19/1979,Old Faithful,8:47,1:53,,,,,,,,,,
4/19/1979,Old Faithful,9:40,4:12,,,,,,,,,,
4/19/1979,Old Faithful,10:52,4:20,,,,,,,,,,
4/19/1979,Old Faithful,12:07,4:xx,,,,,,,,,,
4/19/1979,Old Faithful,13:34,2:12,,,,,,,,,,
4/19/1979,Old Faithful,14:32,4:10,,,,,,,,,,
4/19/1979,Old Faithful,15:58,1:26,,,,,,,,,,
4/19/1979,Old Faithful,16:41,4:54,,,,,,,,,,
4/19/1979,Old Faithful,18:12,1:48,,,,,,,,,,
4/20/1979,Old Faithful,8:31,4:15,,,,,,,,,,
4/20/1979,Old Faithful,10:01,4:36,,,,,,,,,,
4/20/1979,Old Faithful,11:25,1:51,,,,,,,,,,
4/20/1979,Old Faithful,12:22,4:42,,,,,,,,,,
4/20/1979,Old Faithful,13:38,4:38,,,,,,,,,,
4/20/1979,Old Faithful,15:04,4:11,,,,,,,,,,
4/20/1979,Old Faithful,16:28,2:13,,,,,,,,,,
4/20/1979,Old Faithful,17:18,4:00,,,,,,,,,,
4/20/1979,Old Faithful,18:47,2:04,,,,,,,,,,
4/20/1979,Old Faithful,19:41,Long,,,,,,,,,,
4/20/1979,Old Faithful,20:56,1:55,,,,,,,,,,
4/21/1979,Old Faithful,8:34,4:26,,,,,,,,,,
4/21/1979,Old Faithful,9:54,3:50,,,,,,,,,,
4/21/1979,Old Faithful,11:11,4:29,,,,,,,,,,
4/21/1979,Old Faithful,12:30,3:53,,,,,,,,,,
4/21/1979,Old Faithful,13:39,3:54,,,,,,,,,,
4/21/1979,Old Faithful,14:50,3:52,,,,,,,,,,
4/21/1979,Old Faithful,16:08,4:15,,,,,,,,,,
4/21/1979,Old Faithful,17:30,4:47,,,,,,,,,,
4/21/1979,Old Faithful,18:46,1:52,,,,,,,,,,
4/22/1979,Old Faithful,7:47,4:06,,,,,,,,,,
4/22/1979,Old Faithful,9:06,4:15,,,,,,,,,,
4/22/1979,Old Faithful,10:25,3:56,,,,,,,,,,
4/22/1979,Old Faithful,11:33,4:09,,,,,,,,,,
4/22/1979,Old Faithful,12:48,4:20,,,,,,,,,,
4/22/1979,Old Faithful,14:04,4:00,,,,,,,,,,
4/22/1979,Old Faithful,15:21,4:18,,,,,,,,,,
4/22/1979,Old Faithful,16:39,4:15,,,,,,,,,,
4/22/1979,Old Faithful,17:54,3:53,,,,,,,,,,
4/22/1979,Old Faithful,19:13,2 1/4,,,,,,,,,,
4/22/1979,Old Faithful,20:03,Long,,,,,,,,,,
4/22/1979,Old Faithful,21:39,4:21,,,,,,,,,,
4/22/1979,Old Faithful,23:00,4:19,,,,,,,,,,
4/23/1979,Old Faithful,9:00,4:00,,,,,,,,,,
4/23/1979,Old Faithful,10:12,2:53,,,,,,,,,,
4/23/1979,Old Faithful,11:22,4:13,,,,,,,,,,
4/23/1979,Old Faithful,12:30,3:51,,,,,,,,,,
4/23/1979,Old Faithful,13:43,4:13,,,,,,,,,,
4/23/1979,Old Faithful,15:02,2:18,,,,,,,,,,
4/23/1979,Old Faithful,16:04,5:08,,,,,,,,,,
4/23/1979,Old Faithful,17:26,2:26,,,,,,,,,,
4/23/1979,Old Faithful,18:20,4:37,,,,,,,,,,
4/23/1979,Old Faithful,19:36,2:26,,,,,,,,,,
4/23/1979,Old Faithful,20:41,4:40,,,,,,,,,,
4/23/1979,Old Faithful,22:02,4:31,,,,,,,,,,
4/24/1979,Old Faithful,8:50,4:10,,,,,,,,,,
4/24/1979,Old Faithful,9:59,3:59,,,,,,,,,,
4/24/1979,Old Faithful,11:15,~3:45,,,,,,,,,,
4/24/1979,Old Faithful,12:42,4:51,,,,,,,,,,
4/24/1979,Old Faithful,13:54,3:36,,,,,,,,,,
4/24/1979,Old Faithful,15:16,2:08,,,,,,,,,,
4/24/1979,Old Faithful,16:08,whiteout,,,,,,,,,,
4/24/1979,Old Faithful,17:37,2:02,,,,,,,,,,
4/24/1979,Old Faithful,18:26,4:56,,,,,,,,,,
4/24/1979,Old Faithful,19:57,4:04,,,,,,,,,,
4/25/1979,Old Faithful,10:02,4:24,,,,,,,,,,
4/25/1979,Old Faithful,11:22,3:56,,,,,,,,,,
4/25/1979,Old Faithful,12:38,4:18,,,,,,,,,,
4/25/1979,Old Faithful,13:56,1:44,,,,,,,,,,
4/25/1979,Old Faithful,14:48,4:56,,,,,,,,,,
4/25/1979,Old Faithful,16:16,2:02,,,,,,,,,,
4/25/1979,Old Faithful,17:25,4:47,,,,,,,,,,
4/25/1979,Old Faithful,18:48,1:54,,,,,,,,,,
4/25/1979,Old Faithful,19:36,4:36,,,,,,,,,,
4/25/1979,Old Faithful,20:56,2:09,,,,,,,,,,
4/26/1979,Old Faithful,7:40,2:09,,,,,,,,,,
4/26/1979,Old Faithful,8:29,4:32,,,,,,,,,,
4/26/1979,Old Faithful,9:50,2:23,,,,,,,,,,
4/26/1979,Old Faithful,10:50,4:41,,,,,,,,,,
4/26/1979,Old Faithful,12:10,4:03,,,,,,,,,,
4/26/1979,Old Faithful,13:19,4:51,,,,,,,,,,
4/26/1979,Old Faithful,14:33,~2:39,,,,,,,,,,
4/26/1979,Old Faithful,15:34,4:24,,,,,,,,,,
4/26/1979,Old Faithful,17:00,3:39,,,,,,,,,,
4/27/1979,Old Faithful,~09:35,4:13,,,,,,,,,,
4/27/1979,Old Faithful,10:54,4:04,,,,,,,,,,
4/27/1979,Old Faithful,12:21,4:32,,,,,,,,,,
4/27/1979,Old Faithful,13:41,4:03,,,,,,,,,,
4/27/1979,Old Faithful,15:15,4:38,,,,,,,,,,
4/27/1979,Old Faithful,16:39,1:53,,,,,,,,,,
4/27/1979,Old Faithful,17:24,4:44,,,,,,,,,,
4/27/1979,Old Faithful,18:47,1:49,,,,,,,,,,
4/27/1979,Old Faithful,19:41,4:57,,,,,,,,,,
4/27/1979,Old Faithful,21:02,2:38,,,,,,,,,,
4/27/1979,Old Faithful,22:07,4:11,,,,,,,,,,
4/28/1979,Old Faithful,9:07,4:20,,,,,,,,,,
4/28/1979,Old Faithful,10:34,3:49,,,,,,,,,,
4/28/1979,Old Faithful,11:48,4:12,,,,,,,,,,
4/28/1979,Old Faithful,13:12,4:24,,,,,,,,,,
4/28/1979,Old Faithful,14:33,1:59,,,,,,,,,,
4/28/1979,Old Faithful,15:26,4:46,,,,,,,,,,
4/28/1979,Old Faithful,16:55,2:01,,,,,,,,,,
4/28/1979,Old Faithful,18:01,4:23,,,,,,,,,,
4/28/1979,Old Faithful,19:14,3:51,,,,,,,,,,
4/28/1979,Old Faithful,20:23,Long,,,,,,,,,,
4/28/1979,Old Faithful,21:44,4:16,,,,,,,,,,
4/28/1979,Old Faithful,22:53,~4 1/4,,,,,,,,,,
4/29/1979,Old Faithful,0:21,2:08,,,,,,,,,,
4/29/1979,Old Faithful,8:58,4:23,,,,,,,,,,
4/29/1979,Old Faithful,10:13,1:55,,,,,,,,,,
4/29/1979,Old Faithful,11:13,4:53,,,,,,,,,,
4/29/1979,Old Faithful,12:40,1:46,,,,,,,,,,
4/29/1979,Old Faithful,13:34,4:56,,,,,,,,,,
4/29/1979,Old Faithful,14:57,3:30,,,,,,,,,,
4/29/1979,Old Faithful,16:22,4:20,,,,,,,,,,
4/29/1979,Old Faithful,17:35,4:40,,,,,,,,,,
4/29/1979,Old Faithful,18:54,1:44,,,,,,,,,,
4/29/1979,Old Faithful,19:42,4:31,,,,,,,,,,
4/29/1979,Old Faithful,21:04,4:16,,,,,,,,,,
4/29/1979,Old Faithful,22:16,2:05,,,,,,,,,,
4/29/1979,Old Faithful,23:16,4:44,,,,,,,,,,
4/30/1979,Old Faithful,0:39,4:32,,,,,,,,,,
4/30/1979,Old Faithful,8:30,,,,,,,,,,,
4/30/1979,Old Faithful,9:35,4:36,,,,,,,,,,
4/30/1979,Old Faithful,11:05,4:33,,,,,,,,,,
4/30/1979,Old Faithful,12:21,5:01,,,,,,,,,,
4/30/1979,Old Faithful,13:39,2:05,,,,,,,,,,
4/30/1979,Old Faithful,14:40,4:39,,,,,,,,,,
4/30/1979,Old Faithful,16:02,4:02,,,,,,,,,,
4/30/1979,Old Faithful,17:10,4:51,,,,,,,,,,
4/30/1979,Old Faithful,18:41,4:14,,,,,,,,,,
4/30/1979,Old Faithful,19:56,4:19,,,,,,,,,,
4/30/1979,Old Faithful,21:11,4:32,,,,,,,,,,
4/30/1979,Old Faithful,22:23,4:06,,,,,,,,,,
4/30/1979,Old Faithful,23:42,4:21,,,,,,,,,,
5/1/1979,Old Faithful,9:01,4:29,,,,,,,,,,
5/1/1979,Old Faithful,10:16,4:35,,,,,,,,,,
5/1/1979,Old Faithful,11:48,4:02,,,,,,,,,,
5/1/1979,Old Faithful,13:02,4:20,,,,,,,,,,
5/1/1979,Old Faithful,14:25,4:16,,,,,,,,,,
5/1/1979,Old Faithful,15:52,4:20,,,,,,,,,,
5/1/1979,Old Faithful,17:06,4:18,,,,,,,,,,
5/1/1979,Old Faithful,18:16,4:32,,,,,,,,,,
5/1/1979,Old Faithful,19:33,3:49,,,,,,,,,,
5/2/1979,Old Faithful,~09:00,~4:00,,,,,,,,,,
5/2/1979,Old Faithful,10:18,2:24,,,,,,,,,,
5/2/1979,Old Faithful,11:09,4:45,,,,,,,,,,
5/2/1979,Old Faithful,12:33,4:20,,,,,,,,,,
5/2/1979,Old Faithful,13:48,4:19,,,,,,,,,,
5/2/1979,Old Faithful,15:06,2:34,,,,,,,,,,
5/2/1979,Old Faithful,16:11,4:38,,,,,,,,,,
5/2/1979,Old Faithful,17:32,2:35,,,,,,,,,,
5/2/1979,Old Faithful,18:35,4:41,,,,,,,,,,
5/2/1979,Old Faithful,19:57,2:09,,,,,,,,,,
5/2/1979,Old Faithful,20:54,4:39,,,,,,,,,,
5/2/1979,Old Faithful,22:11,4:21,,,,,,,,,,
5/2/1979,Old Faithful,23:31,4:08,,,,,,,,,,
5/3/1979,Old Faithful,9:04,~4:00,,,,,,,,,,
5/3/1979,Old Faithful,10:27,4:10,,,,,,,,,,
5/3/1979,Old Faithful,11:57,3:59,,,,,,,,,,
5/3/1979,Old Faithful,13:14,4:44,,,,,,,,,,
5/3/1979,Old Faithful,14:25,3:45,,,,,,,,,,
5/3/1979,Old Faithful,15:50,4:32,,,,,,,,,,
5/3/1979,Old Faithful,17:07,1:59,,,,,,,,,,
5/3/1979,Old Faithful,17:58,4:16,,,,,,,,,,
5/3/1979,Old Faithful,19:37,4:20,,,,,,,,,,
5/3/1979,Old Faithful,20:47,4:18,,,,,,,,,,
5/3/1979,Old Faithful,21:56,4:32,,,,,,,,,,
5/4/1979,Old Faithful,8:57,4:40,,,,,,,,,,
5/4/1979,Old Faithful,10:15,4:25,,,,,,,,,,
5/4/1979,Old Faithful,11:24,4:05,,,,,,,,,,
5/4/1979,Old Faithful,12:43,4:30,,,,,,,,,,
5/4/1979,Old Faithful,14:04,4:37,,,,,,,,,,
5/4/1979,Old Faithful,15:15,2:38,,,,,,,,,,
5/4/1979,Old Faithful,16:10,4:30,,,,,,,,,,
5/4/1979,Old Faithful,17:31,2:10,,,,,,,,,,
5/4/1979,Old Faithful,18:31,4:54,,,,,,,,,,
5/4/1979,Old Faithful,19:59,4:30,,,,,,,,,,
5/4/1979,Old Faithful,21:15,3:24,,,,,,,,,,
5/5/1979,Old Faithful,9:48,4:43,,,,,,,,,,
5/5/1979,Old Faithful,11:00,4:02,,,,,,,,,,
5/5/1979,Old Faithful,12:11,4:41,,,,,,,,,,
5/5/1979,Old Faithful,13:39,4:34,,,,,,,,,,
5/5/1979,Old Faithful,15:04,5:01,,,,,,,,,,
5/5/1979,Old Faithful,16:22,4:11,,,,,,,,,,
5/5/1979,Old Faithful,17:36,4:22,,,,,,,,,,
5/5/1979,Old Faithful,18:51,4:14,,,,,,,,,,
5/5/1979,Old Faithful,20:02,4:12,,,,,,,,,,
5/5/1979,Old Faithful,21:22,4:23,,,,,,,,,,
5/5/1979,Old Faithful,22:43,2:40,,,,,,,,,,
5/6/1979,Old Faithful,10:12,4:33,,,,,,,,,,
5/6/1979,Old Faithful,11:46,4:23,,,,,,,,,,
5/6/1979,Old Faithful,13:05,3:50,,,,,,,,,,
5/6/1979,Old Faithful,14:30,2:15,,,,,,,,,,
5/6/1979,Old Faithful,15:28,4:00*,,,,,,,,,,
5/6/1979,Old Faithful,16:46,5:05,,,,,,,,,,
5/6/1979,Old Faithful,18:03,4:22,,,,,,,,,,
5/6/1979,Old Faithful,19:28,5:00,,,,,,,,,,
5/6/1979,Old Faithful,20:48,4:43,,,,,,,,,,
5/6/1979,Old Faithful,22:08,3:42,,,,,,,,,,
5/7/1979,Old Faithful,8:58,4:13,,,,,,,,,,
5/7/1979,Old Faithful,10:11,4:02,,,,,,,,,,
5/7/1979,Old Faithful,11:33,4:54,,,,,,,,,,
5/7/1979,Old Faithful,12:49,4:02,,,,,,,,,,
5/7/1979,Old Faithful,14:02,4:31,,,,,,,,,,
5/7/1979,Old Faithful,15:18,4:26,,,,,,,,,,
5/7/1979,Old Faithful,16:45,4:56,,,,,,,,,,
5/7/1979,Old Faithful,18:05,3:12,,,,,,,,,,
5/7/1979,Old Faithful,18:57,4:42,,,,,,,,,,
5/7/1979,Old Faithful,20:33,2:02,,,,,,,,,,
5/7/1979,Old Faithful,21:13,4:58,,,,,,,,,,
5/7/1979,Old Faithful,22:36,2:15,,,,,,,,,,
5/8/1979,Old Faithful,9:14,~4:18,,,,,,,,,,
5/8/1979,Old Faithful,10:31,4:36,,,,,,,,,,
5/8/1979,Old Faithful,11:42,4:50,,,,,,,,,,
5/8/1979,Old Faithful,13:03,3:58,,,,,,,,,,
5/8/1979,Old Faithful,14:12,4:37,,,,,,,,,,
5/8/1979,Old Faithful,15:27,3:51,,,,,,,,,,
5/8/1979,Old Faithful,16:52,4:55,,,,,,,,,,
5/8/1979,Old Faithful,18:09,3:43,,,,,,,,,,
5/8/1979,Old Faithful,19:14,4:18,,,,,,,,,,
5/8/1979,Old Faithful,20:33,4:22,,,,,,,,,,
5/8/1979,Old Faithful,21:44,4:35,,,,,,,,,,
5/8/1979,Old Faithful,22:59,4:40,,,,,,,,,,
5/9/1979,Old Faithful,8:58,4:38,,,,,,,,,,
5/9/1979,Old Faithful,10:19,1:53,,,,,,,,,,
5/9/1979,Old Faithful,11:03,4:59,,,,,,,,,,
5/9/1979,Old Faithful,12:43,1:50,,,,,,,,,,
5/9/1979,Old Faithful,13:32,4:57,,,,,,,,,,
5/9/1979,Old Faithful,14:58,~4:10,,,,,,,,,,
5/9/1979,Old Faithful,16:12,2:03,,,,,,,,,,
5/9/1979,Old Faithful,17:14,4:43,,,,,,,,,,
5/9/1979,Old Faithful,18:33,2:04,,,,,,,,,,
5/9/1979,Old Faithful,19:31,4:45,,,,,,,,,,
5/9/1979,Old Faithful,20:50,4:22,,,,,,,,,,
5/9/1979,Old Faithful,22:04,5:07,,,,,,,,,,
5/9/1979,Old Faithful,23:17,2:04,,,,,,,,,,
5/10/1979,Old Faithful,0:27,Long,,,,,,,,,,
5/10/1979,Old Faithful,8:05,Long,,,,,,,,,,
5/10/1979,Old Faithful,9:18,4:16,,,,,,,,,,
5/10/1979,Old Faithful,10:28,~3:58,,,,,,,,,,
5/10/1979,Old Faithful,11:44,2:12,,,,,,,,,,
5/10/1979,Old Faithful,~12:40,~5:00,,,,,,,,,,
5/10/1979,Old Faithful,13:58,3:41,,,,,,,,,,
5/10/1979,Old Faithful,15:09,4:25,,,,,,,,,,
5/10/1979,Old Faithful,16:21,4:11,,,,,,,,,,
5/10/1979,Old Faithful,17:43,4:05,,,,,,,,,,
5/10/1979,Old Faithful,18:57,4:45,,,,,,,,,,
5/10/1979,Old Faithful,20:23,2:33,,,,,,,,,,
5/10/1979,Old Faithful,21:19,5:03,,,,,,,,,,
5/11/1979,Old Faithful,8:59,~2:23,,,,,,,,,,
5/11/1979,Old Faithful,10:03,4:49,,,,,,,,,,
5/11/1979,Old Faithful,11:18,4:34,,,,,,,,,,
5/11/1979,Old Faithful,12:43,4:05,,,,,,,,,,
5/11/1979,Old Faithful,14:01,4:35,,,,,,,,,,
5/11/1979,Old Faithful,15:17,1:55,,,,,,,,,,
5/11/1979,Old Faithful,16:07,4:58,,,,,,,,,,
5/11/1979,Old Faithful,17:31,2:27,,,,,,,,,,
5/11/1979,Old Faithful,18:25,4:39,,,,,,,,,,
5/11/1979,Old Faithful,19:40,2:42,,,,,,,,,,
5/11/1979,Old Faithful,20:41,4:40,,,,,,,,,,
5/11/1979,Old Faithful,22:01,2:05,,,,,,,,,,
5/11/1979,Old Faithful,22:59,4:50,,,,,,,,,,
5/12/1979,Old Faithful,8:14,4:48,,,,,,,,,,
5/12/1979,Old Faithful,9:39,2:05,,,,,,,,,,
5/12/1979,Old Faithful,10:38,5:15,,,,,,,,,,
5/12/1979,Old Faithful,12:01,4:04,,,,,,,,,,
5/12/1979,Old Faithful,13:23,4:54,,,,,,,,,,
5/12/1979,Old Faithful,14:39,2:15,,,,,,,,,,
5/12/1979,Old Faithful,15:32,5:03,,,,,,,,,,
5/12/1979,Old Faithful,16:53,1:54,,,,,,,,,,
5/12/1979,Old Faithful,17:47,5:01,,,,,,,,,,
5/12/1979,Old Faithful,19:13,2:12,,,,,,,,,,
5/12/1979,Old Faithful,20:02,4:45,,,,,,,,,,
5/12/1979,Old Faithful,21:27,2:02,,,,,,,,,,
5/12/1979,Old Faithful,22:30,4:28,,,,,,,,,,
5/12/1979,Old Faithful,23:45,4:11,,,,,,,,,,
5/13/1979,Old Faithful,8:17,2:32,,,,,,,,,,
5/13/1979,Old Faithful,9:18,4:27,,,,,,,,,,
5/13/1979,Old Faithful,10:41,2:05,,,,,,,,,,
5/13/1979,Old Faithful,11:38,4:26,,,,,,,,,,
5/13/1979,Old Faithful,12:52,1:57,,,,,,,,,,
5/13/1979,Old Faithful,13:48,4:26,,,,,,,,,,
5/13/1979,Old Faithful,15:12,4:04,,,,,,,,,,
5/13/1979,Old Faithful,16:22,4:17,,,,,,,,,,
5/13/1979,Old Faithful,17:39,2:15,,,,,,,,,,
5/13/1979,Old Faithful,18:35,4:30,,,,,,,,,,
5/13/1979,Old Faithful,19:55,4:16,,,,,,,,,,
5/13/1979,Old Faithful,21:06,4:16,,,,,,,,,,
5/13/1979,Old Faithful,22:20,4:45,,,,,,,,,,
5/13/1979,Old Faithful,23:33,4:06,,,,,,,,,,
5/14/1979,Old Faithful,7:11,Long,,,,,,,,,,
5/14/1979,Old Faithful,8:35,4:14,,,,,,,,,,
5/14/1979,Old Faithful,9:55,4:19,,,,,,,,,,
5/14/1979,Old Faithful,11:13,2:00,,,,,,,,,,
5/14/1979,Old Faithful,12:06,4:25,,,,,,,,,,
5/14/1979,Old Faithful,13:32,4:08,,,,,,,,,,
5/14/1979,Old Faithful,14:50,2:22,,,,,,,,,,
5/14/1979,Old Faithful,15:41,4:05,,,,,,,,,,
5/14/1979,Old Faithful,17:04,3:55,,,,,,,,,,
5/14/1979,Old Faithful,18:18,4:35,,,,,,,,,,
5/14/1979,Old Faithful,19:40,3:30,,,,,,,,,,
5/14/1979,Old Faithful,21:00,1:40,,,,,,,,,,
5/14/1979,Old Faithful,21:59,4:50,,,,,,,,,,
5/14/1979,Old Faithful,23:18,4:06,,,,,,,,,,
5/15/1979,Old Faithful,0:44,4:45,,,,,,,,,,
5/15/1979,Old Faithful,7:41,~4 1/4,,,,,,,,,,
5/15/1979,Old Faithful,8:55,4:10,,,,,,,,,,
5/15/1979,Old Faithful,10:12,long,,,,,,,,,,
5/15/1979,Old Faithful,11:24,short,,,,,,,,,,
5/15/1979,Old Faithful,12:10,4:18,,,,,,,,,,
5/15/1979,Old Faithful,13:31,2:12,,,,,,,,,,
5/15/1979,Old Faithful,14:39,2:25,,,,,,,,,,
5/15/1979,Old Faithful,15:43,5:00,,,,,,,,,,
5/15/1979,Old Faithful,17:05,4:30,,,,,,,,,,
5/15/1979,Old Faithful,18:34,4:34,,,,,,,,,,
5/15/1979,Old Faithful,19:51,4:45,,,,,,,,,,
5/15/1979,Old Faithful,20:58,3:00,,,,,,,,,,
5/15/1979,Old Faithful,22:04,4:28,,,,,,,,,,
5/15/1979,Old Faithful,23:34,4:40,,,,,,,,,,
5/16/1979,Old Faithful,8:11,4:22,,,,,,,,,,
5/16/1979,Old Faithful,9:24,~2:00,,,,,,,,,,
5/16/1979,Old Faithful,10:19,5:04,,,,,,,,,,
5/16/1979,Old Faithful,11:58,1:49,,,,,,,,,,
5/16/1979,Old Faithful,12:45,4:59,,,,,,,,,,
5/16/1979,Old Faithful,14:15,4:56,,,,,,,,,,
5/16/1979,Old Faithful,15:32,~4:30,,,,,,,,,,
5/16/1979,Old Faithful,16:54,3:56,,,,,,,,,,
5/16/1979,Old Faithful,18:14,4:15,,,,,,,,,,
5/16/1979,Old Faithful,19:31,4:25,,,,,,,,,,
5/16/1979,Old Faithful,20:43,4:02,,,,,,,,,,
5/16/1979,Old Faithful,22:14,3:12,,,,,,,,,,
5/16/1979,Old Faithful,23:25,4:02,,,,,,,,,,
5/17/1979,Old Faithful,0:37,4:00,,,,,,,,,,
5/17/1979,Old Faithful,7:42,4:26,,,,,,,,,,
5/17/1979,Old Faithful,9:00,3:58,,,,,,,,,,
5/17/1979,Old Faithful,10:07,4:39,,,,,,,,,,
5/17/1979,Old Faithful,11:37,1:58,,,,,,,,,,
5/17/1979,Old Faithful,12:30,4:55,,,,,,,,,,
5/17/1979,Old Faithful,13:55,1:48,,,,,,,,,,
5/17/1979,Old Faithful,14:42,5:08,,,,,,,,,,
5/17/1979,Old Faithful,16:04,2:53,,,,,,,,,,
5/17/1979,Old Faithful,17:27,4:54,,,,,,,,,,
5/17/1979,Old Faithful,18:24,3:49,,,,,,,,,,
5/17/1979,Old Faithful,19:39,4:31,,,,,,,,,,
5/17/1979,Old Faithful,20:58,4:16,,,,,,,,,,
5/17/1979,Old Faithful,22:07,3:35,,,,,,,,,,
5/17/1979,Old Faithful,23:20,3:53,,,,,,,,,,
5/18/1979,Old Faithful,0:32,4:00,,,,,,,,,,
5/18/1979,Old Faithful,8:26,short,,,,,,,,,,
5/18/1979,Old Faithful,9:19,4:53,,,,,,,,,,
5/18/1979,Old Faithful,10:41,4:29,,,,,,,,,,
5/18/1979,Old Faithful,11:56,4:43,,,,,,,,,,
5/18/1979,Old Faithful,13:09,4:19,,,,,,,,,,
5/18/1979,Old Faithful,14:16,4:00,,,,,,,,,,
5/18/1979,Old Faithful,15:42,4:47,,,,,,,,,,
5/18/1979,Old Faithful,17:00,2:02,,,,,,,,,,
5/18/1979,Old Faithful,18:02,4:36,,,,,,,,,,
5/18/1979,Old Faithful,19:24,2:12,,,,,,,,,,
5/18/1979,Old Faithful,20:15,4:16,,,,,,,,,,
5/18/1979,Old Faithful,21:40,2:05,,,,,,,,,,
5/18/1979,Old Faithful,22:30,5:00,,,,,,,,,,
5/18/1979,Old Faithful,23:44,3:45,,,,,,,,,,
5/19/1979,Old Faithful,7:57,long,,,,,,,,,,
5/19/1979,Old Faithful,9:23,2:05,,,,,,,,,,
5/19/1979,Old Faithful,10:23,3:48,,,,,,,,,,
5/19/1979,Old Faithful,11:39,2:41,,,,,,,,,,
5/19/1979,Old Faithful,12:39,4:04,,,,,,,,,,
5/19/1979,Old Faithful,13:50,3:38,,,,,,,,,,
5/19/1979,Old Faithful,15:12,2:20,,,,,,,,,,
5/19/1979,Old Faithful,16:06,4:54,,,,,,,,,,
5/19/1979,Old Faithful,17:24,4:05,,,,,,,,,,
5/19/1979,Old Faithful,18:55,4:32,,,,,,,,,,
5/19/1979,Old Faithful,20:16,2:15,,,,,,,,,,
5/19/1979,Old Faithful,21:27,4:05,,,,,,,,,,
5/19/1979,Old Faithful,22:51,4:29,,,,,,,,,,
5/20/1979,Old Faithful,9:14,4:26,,,,,,,,,,
5/20/1979,Old Faithful,10:32,3:25,,,,,,,,,,
5/20/1979,Old Faithful,11:44,4:46,,,,,,,,,,
5/20/1979,Old Faithful,13:13,4:26,,,,,,,,,,
5/20/1979,Old Faithful,14:30,2:00,,,,,,,,,,
5/20/1979,Old Faithful,15:24,4:16,,,,,,,,,,
5/20/1979,Old Faithful,16:50,2:09,,,,,,,,,,
5/20/1979,Old Faithful,17:39,4:45,,,,,,,,,,
5/20/1979,Old Faithful,19:07,1:54,,,,,,,,,,
5/20/1979,Old Faithful,20:12,4:40,,,,,,,,,,
5/20/1979,Old Faithful,21:29,3:53,,,,,,,,,,
5/20/1979,Old Faithful,22:44,4:27,,,,,,,,,,
5/20/1979,Old Faithful,23:57,3:32,,,,,,,,,,
5/21/1979,Old Faithful,8:53,?short,,,,,,,,,,
5/21/1979,Old Faithful,9:58,4:55,,,,,,,,,,
5/21/1979,Old Faithful,11:10,3:48,,,,,,,,,,
5/21/1979,Old Faithful,12:38,4:27,,,,,,,,,,
5/21/1979,Old Faithful,13:39,3:28,,,,,,,,,,
5/21/1979,Old Faithful,14:52,2:04,,,,,,,,,,
5/21/1979,Old Faithful,15:57,4:16,,,,,,,,,,
5/21/1979,Old Faithful,17:09,3:47,,,,,,,,,,
5/21/1979,Old Faithful,18:26,4:20,,,,,,,,,,
5/21/1979,Old Faithful,19:47,2:51,,,,,,,,,,
5/21/1979,Old Faithful,20:55,4:30,,,,,,,,,,
5/21/1979,Old Faithful,22:10,4:16,,,,,,,,,,
5/21/1979,Old Faithful,23:30,2:11,,,,,,,,,,
5/22/1979,Old Faithful,0:27,4:50,,,,,,,,,,
5/22/1979,Old Faithful,8:24,3:45,,,,,,,,,,
5/22/1979,Old Faithful,9:43,4:18,,,,,,,,,,
5/22/1979,Old Faithful,11:11,1:39,,,,,,,,,,
5/22/1979,Old Faithful,12:09,4:46,,,,,,,,,,
5/22/1979,Old Faithful,13:30,3:53,,,,,,,,,,
5/22/1979,Old Faithful,14:47,2:11,,,,,,,,,,
5/22/1979,Old Faithful,15:47,5:10,,,,,,,,,,
5/22/1979,Old Faithful,17:06,1:49,,,,,,,,,,
5/22/1979,Old Faithful,17:59,4:26,,,,,,,,,,
5/22/1979,Old Faithful,19:14,2:07,,,,,,,,,,
5/22/1979,Old Faithful,20:08,4:55,,,,,,,,,,
5/22/1979,Old Faithful,21:29,3:37,,,,,,,,,,
5/22/1979,Old Faithful,22:41,3:37,,,,,,,,,,
5/22/1979,Old Faithful,23:52,2:05,,,,,,,,,,
5/23/1979,Old Faithful,8:12,2:20,,,,,,,,,,
5/23/1979,Old Faithful,9:11,4:46,,,,,,,,,,
5/23/1979,Old Faithful,10:43,3:59,,,,,,,,,,
5/23/1979,Old Faithful,12:04,4:13,,,,,,,,,,
5/23/1979,Old Faithful,13:19,4:08,,,,,,,,,,
5/23/1979,Old Faithful,14:40,4:02,,,,,,,,,,
5/23/1979,Old Faithful,15:56,4:13,,,,,,,,,,
5/23/1979,Old Faithful,17:06,3:57,,,,,,,,,,
5/23/1979,Old Faithful,18:18,3:51,,,,,,,,,,
5/23/1979,Old Faithful,19:28,4:12,,,,,,,,,,
5/23/1979,Old Faithful,21:01,4:12,,,,,,,,,,
5/23/1979,Old Faithful,22:22,3:55,,,,,,,,,,
5/23/1979,Old Faithful,23:39,3:53,,,,,,,,,,
5/24/1979,Old Faithful,8:59,2:25,,,,,,,,,,
5/24/1979,Old Faithful,9:52,4:50,,,,,,,,,,
5/24/1979,Old Faithful,11:15,1:56,,,,,,,,,,
5/24/1979,Old Faithful,12:09,5:05,,,,,,,,,,
5/24/1979,Old Faithful,13:40,2:08,,,,,,,,,,
5/24/1979,Old Faithful,14:31,4:17,,,,,,,,,,
5/24/1979,Old Faithful,15:59,3:57,,,,,,,,,,
5/24/1979,Old Faithful,17:04,4:59,,,,,,,,,,
5/24/1979,Old Faithful,18:14,4:04,,,,,,,,,,
5/24/1979,Old Faithful,19:39,3:51,,,,,,,,,,
5/24/1979,Old Faithful,20:56,4:00,,,,,,,,,,
5/24/1979,Old Faithful,22:07,3:51,,,,,,,,,,
5/24/1979,Old Faithful,23:23,4:26,,,,,,,,,,
5/25/1979,Old Faithful,0:35,2:18,,,,,,,,,,
5/25/1979,Old Faithful,8:55,Long,,,,,,,,,,
5/25/1979,Old Faithful,10:15,2:00,,,,,,,,,,
5/25/1979,Old Faithful,11:17,4:23,,,,,,,,,,
5/25/1979,Old Faithful,12:26,3:58,,,,,,,,,,
5/25/1979,Old Faithful,13:37,4:12,,,,,,,,,,
5/25/1979,Old Faithful,14:57,4:30,,,,,,,,,,
5/25/1979,Old Faithful,16:10,4:08,,,,,,,,,,
5/25/1979,Old Faithful,17:26,4:16,,,,,,,,,,
5/25/1979,Old Faithful,18:33,3:53,,,,,,,,,,
5/25/1979,Old Faithful,19:47,4:19,,,,,,,,,,
5/25/1979,Old Faithful,20:55,4:20,,,,,,,,,,
5/25/1979,Old Faithful,22:08,3:41,,,,,,,,,,
5/25/1979,Old Faithful,23:27,3:50,,,,,,,,,,
5/26/1979,Old Faithful,0:37,4:25,,,,,,,,,,
5/26/1979,Old Faithful,9:20,~2:00,,,,,,,,,,
5/26/1979,Old Faithful,10:13,4:11,,,,,,,,,,
5/26/1979,Old Faithful,11:42,1:52,,,,,,,,,,
5/26/1979,Old Faithful,12:32,4:09,,,,,,,,,,
5/26/1979,Old Faithful,13:48,1:58,,,,,,,,,,
5/26/1979,Old Faithful,14:47,4:34,,,,,,,,,,
5/26/1979,Old Faithful,16:02,1:55,,,,,,,,,,
5/26/1979,Old Faithful,16:55,4:45,,,,,,,,,,
5/26/1979,Old Faithful,18:18,2:24,,,,,,,,,,
5/26/1979,Old Faithful,19:25,4:04,,,,,,,,,,
5/26/1979,Old Faithful,20:50,4:20,,,,,,,,,,
5/26/1979,Old Faithful,22:11,3:58,,,,,,,,,,
5/26/1979,Old Faithful,23:27,~2:50,,,,,,,,,,
5/27/1979,Old Faithful,0:27,4:06,,,,,,,,,,
5/27/1979,Old Faithful,8:52,4:08,,,,,,,,,,
5/27/1979,Old Faithful,10:15,4:19,,,,,,,,,,
5/27/1979,Old Faithful,11:31,4:16,,,,,,,,,,
5/27/1979,Old Faithful,12:45,4:22,,,,,,,,,,
5/27/1979,Old Faithful,14:00,4:14,,,,,,,,,,
5/27/1979,Old Faithful,15:16,4:08,,,,,,,,,,
5/27/1979,Old Faithful,16:30,4:12,,,,,,,,,,
5/27/1979,Old Faithful,17:52,4:02,,,,,,,,,,
5/27/1979,Old Faithful,19:11,4:28,,,,,,,,,,
5/27/1979,Old Faithful,20:30,3:46,,,,,,,,,,
5/27/1979,Old Faithful,21:41,4:08,,,,,,,,,,
5/27/1979,Old Faithful,22:56,4:00,,,,,,,,,,
5/28/1979,Old Faithful,0:06,~3:00,,,,,,,,,,
5/28/1979,Old Faithful,1:06,3:58,,,,,,,,,,
5/28/1979,Old Faithful,8:42,Long,,,,,,,,,,
5/28/1979,Old Faithful,10:05,4:05,,,,,,,,,,
5/28/1979,Old Faithful,11:19,3:54,,,,,,,,,,
5/28/1979,Old Faithful,12:42,4:18,,,,,,,,,,
5/28/1979,Old Faithful,14:02,4:21,,,,,,,,,,
5/28/1979,Old Faithful,15:21,4:06,,,,,,,,,,
5/28/1979,Old Faithful,16:36,4:02,,,,,,,,,,
5/28/1979,Old Faithful,18:00,~3:00,,,,,,,,,,
5/28/1979,Old Faithful,18:52,4:00,,,,,,,,,,
5/28/1979,Old Faithful,20:16,2:22,,,,,,,,,,
5/28/1979,Old Faithful,21:13,4:24,,,,,,,,,,
5/28/1979,Old Faithful,22:30,3:34,,,,,,,,,,
5/28/1979,Old Faithful,23:52,4:07,,,,,,,,,,
5/29/1979,Old Faithful,1:03,1:59,,,,,,,,,,
5/29/1979,Old Faithful,9:17,4:23,,,,,,,,,,
5/29/1979,Old Faithful,10:33,1:53,,,,,,,,,,
5/29/1979,Old Faithful,11:29,4:48,,,,,,,,,,
5/29/1979,Old Faithful,12:47,4:12,,,,,,,,,,
5/29/1979,Old Faithful,13:59,4:34,,,,,,,,,,
5/29/1979,Old Faithful,15:29,4:56,,,,,,,,,,
5/29/1979,Old Faithful,16:50,2:46,,,,,,,,,,
5/29/1979,Old Faithful,17:43,5:08,,,,,,,,,,
5/29/1979,Old Faithful,19:02,2:20,,,,,,,,,,
5/29/1979,Old Faithful,19:54,4:14,,,,,,,,,,
5/29/1979,Old Faithful,21:15,2:25,,,,,,,,,,
5/29/1979,Old Faithful,22:18,4:00,,,,,,,,,,
5/29/1979,Old Faithful,23:44,3:32,,,,,,,,,,
5/30/1979,Old Faithful,1:01,2:22,,,,,,,,,,
5/30/1979,Old Faithful,8:25,3:25?,,,,,,,,,,
5/30/1979,Old Faithful,9:35,4:43,,,,,,,,,,
5/30/1979,Old Faithful,10:49,3:46,,,,,,,,,,
5/30/1979,Old Faithful,12:01,4:03,,,,,,,,,,
5/30/1979,Old Faithful,13:10,4:04,,,,,,,,,,
5/30/1979,Old Faithful,14:29,4:10,,,,,,,,,,
5/30/1979,Old Faithful,15:48,4:13,,,,,,,,,,
5/30/1979,Old Faithful,16:58,4:26,,,,,,,,,,
5/30/1979,Old Faithful,18:28,4:19,,,,,,,,,,
5/30/1979,Old Faithful,19:35,4:22,,,,,,,,,,
5/30/1979,Old Faithful,20:55,4:00,,,,,,,,,,
5/30/1979,Old Faithful,22:06,4:00,,,,,,,,,,
5/30/1979,Old Faithful,23:34,2:03,,,,,,,,,,
5/31/1979,Old Faithful,0:41,3:58,,,,,,,,,,
5/31/1979,Old Faithful,8:00,~2:10shrt,,,,,,,,,,
5/31/1979,Old Faithful,9:09,4:38,,,,,,,,,,
5/31/1979,Old Faithful,10:31,3:54,,,,,,,,,,
5/31/1979,Old Faithful,11:43,3:16,,,,,,,,,,
5/31/1979,Old Faithful,12:52,4:12,,,,,,,,,,
5/31/1979,Old Faithful,14:16,1:47,,,,,,,,,,
5/31/1979,Old Faithful,15:12,4:22,,,,,,,,,,
5/31/1979,Old Faithful,16:35,2:16,,,,,,,,,,
5/31/1979,Old Faithful,17:41,4:24,,,,,,,,,,
5/31/1979,Old Faithful,19:07,4:12,,,,,,,,,,
5/31/1979,Old Faithful,20:18,2:31,,,,,,,,,,
5/31/1979,Old Faithful,21:21,3:45,,,,,,,,,,
5/31/1979,Old Faithful,22:37,4:02,,,,,,,,,,
,,,,,,,,,,,,,
,,,,,,,,,,,,,
,,,,,,,,,,,,,
,,,,,,,,,,,,,
